dataset,subject,decoder,condition,adaptation,n_train,n_test,training_seconds,adaptation_mean_ms,predictions_file,model_manifest,model_hash,accuracy,balanced_accuracy,roc_auc,f1,brier,latency_median_ms,latency_mean_ms,latency_p95_ms,throughput_windows_s,batch_size,warmup_calls,calls,window_shape
PhysionetMI,1,bandpower_logreg,clean,none,30,15,0.007197291997727007,8.06e-05,PhysionetMI_1_bandpower_logreg_clean_none.npz,models/55a603085d09a22c/PhysionetMI/1/bandpower_logreg/manifest.json,817fa9314fd01a74f19c4ae097f2848566c250bf209e249e7a1a8c1d6384af24,0.5333333333333333,0.5446428571428572,0.7142857142857143,0.46153846153846156,0.24193403885456644,0.007854,0.007930860000000001,0.00837705,126089.73049581001,1,10,100,"[3, 480]"
PhysionetMI,1,bandpower_logreg,noise_0.5,none,30,15,0.007197291997727007,7.793333333333332e-05,PhysionetMI_1_bandpower_logreg_noise_0.5_none.npz,models/55a603085d09a22c/PhysionetMI/1/bandpower_logreg/manifest.json,817fa9314fd01a74f19c4ae097f2848566c250bf209e249e7a1a8c1d6384af24,0.6666666666666666,0.6428571428571428,0.8928571428571429,0.7619047619047619,0.1895106025683147,0.007854,0.007930860000000001,0.00837705,126089.73049581001,1,10,100,"[3, 480]"
PhysionetMI,1,bandpower_logreg,noise_0.5,unlabeled_rms,30,15,0.007197291997727007,0.009169400000000001,PhysionetMI_1_bandpower_logreg_noise_0.5_unlabeled_rms.npz,models/55a603085d09a22c/PhysionetMI/1/bandpower_logreg/manifest.json,817fa9314fd01a74f19c4ae097f2848566c250bf209e249e7a1a8c1d6384af24,0.7333333333333333,0.7410714285714286,0.875,0.7142857142857143,0.1752445524762308,0.007854,0.007930860000000001,0.00837705,126089.73049581001,1,10,100,"[3, 480]"
PhysionetMI,1,bandpower_logreg,noise_1,none,30,15,0.007197291997727007,6.666666666666668e-05,PhysionetMI_1_bandpower_logreg_noise_1_none.npz,models/55a603085d09a22c/PhysionetMI/1/bandpower_logreg/manifest.json,817fa9314fd01a74f19c4ae097f2848566c250bf209e249e7a1a8c1d6384af24,0.5333333333333333,0.5,0.7857142857142857,0.6956521739130435,0.36286912302657676,0.007854,0.007930860000000001,0.00837705,126089.73049581001,1,10,100,"[3, 480]"
PhysionetMI,1,bandpower_logreg,noise_1,unlabeled_rms,30,15,0.007197291997727007,0.009611133333333334,PhysionetMI_1_bandpower_logreg_noise_1_unlabeled_rms.npz,models/55a603085d09a22c/PhysionetMI/1/bandpower_logreg/manifest.json,817fa9314fd01a74f19c4ae097f2848566c250bf209e249e7a1a8c1d6384af24,0.6,0.6071428571428572,0.7857142857142857,0.5714285714285714,0.19199958133017128,0.007854,0.007930860000000001,0.00837705,126089.73049581001,1,10,100,"[3, 480]"
PhysionetMI,1,bandpower_logreg,noise_2,none,30,15,0.007197291997727007,6.933333333333336e-05,PhysionetMI_1_bandpower_logreg_noise_2_none.npz,models/55a603085d09a22c/PhysionetMI/1/bandpower_logreg/manifest.json,817fa9314fd01a74f19c4ae097f2848566c250bf209e249e7a1a8c1d6384af24,0.5333333333333333,0.5,0.7142857142857144,0.6956521739130435,0.4584798569937014,0.007854,0.007930860000000001,0.00837705,126089.73049581001,1,10,100,"[3, 480]"
PhysionetMI,1,bandpower_logreg,noise_2,unlabeled_rms,30,15,0.007197291997727007,0.008455666666666667,PhysionetMI_1_bandpower_logreg_noise_2_unlabeled_rms.npz,models/55a603085d09a22c/PhysionetMI/1/bandpower_logreg/manifest.json,817fa9314fd01a74f19c4ae097f2848566c250bf209e249e7a1a8c1d6384af24,0.6,0.5982142857142857,0.7321428571428572,0.625,0.2166322923652171,0.007854,0.007930860000000001,0.00837705,126089.73049581001,1,10,100,"[3, 480]"
PhysionetMI,1,bandpower_logreg,dropout_1,none,30,15,0.007197291997727007,6.946666666666667e-05,PhysionetMI_1_bandpower_logreg_dropout_1_none.npz,models/55a603085d09a22c/PhysionetMI/1/bandpower_logreg/manifest.json,817fa9314fd01a74f19c4ae097f2848566c250bf209e249e7a1a8c1d6384af24,0.5333333333333333,0.5,0.5,0.6956521739130435,0.4666666666666667,0.007854,0.007930860000000001,0.00837705,126089.73049581001,1,10,100,"[3, 480]"
PhysionetMI,1,bandpower_logreg,dropout_1,unlabeled_rms,30,15,0.007197291997727007,0.009636133333333333,PhysionetMI_1_bandpower_logreg_dropout_1_unlabeled_rms.npz,models/55a603085d09a22c/PhysionetMI/1/bandpower_logreg/manifest.json,817fa9314fd01a74f19c4ae097f2848566c250bf209e249e7a1a8c1d6384af24,0.5333333333333333,0.5,0.5,0.6956521739130435,0.4666666666666667,0.007854,0.007930860000000001,0.00837705,126089.73049581001,1,10,100,"[3, 480]"
PhysionetMI,1,bandpower_logreg,dropout_2,none,30,15,0.007197291997727007,8.899999999999998e-05,PhysionetMI_1_bandpower_logreg_dropout_2_none.npz,models/55a603085d09a22c/PhysionetMI/1/bandpower_logreg/manifest.json,817fa9314fd01a74f19c4ae097f2848566c250bf209e249e7a1a8c1d6384af24,0.4666666666666667,0.5,0.6607142857142857,0.0,0.5333333333333333,0.007854,0.007930860000000001,0.00837705,126089.73049581001,1,10,100,"[3, 480]"
PhysionetMI,1,bandpower_logreg,dropout_2,unlabeled_rms,30,15,0.007197291997727007,0.008530533333333335,PhysionetMI_1_bandpower_logreg_dropout_2_unlabeled_rms.npz,models/55a603085d09a22c/PhysionetMI/1/bandpower_logreg/manifest.json,817fa9314fd01a74f19c4ae097f2848566c250bf209e249e7a1a8c1d6384af24,0.4666666666666667,0.5,0.6964285714285714,0.0,0.5333333333333333,0.007854,0.007930860000000001,0.00837705,126089.73049581001,1,10,100,"[3, 480]"
PhysionetMI,1,bandpower_logreg,amplitude_2,none,30,15,0.007197291997727007,7.78e-05,PhysionetMI_1_bandpower_logreg_amplitude_2_none.npz,models/55a603085d09a22c/PhysionetMI/1/bandpower_logreg/manifest.json,817fa9314fd01a74f19c4ae097f2848566c250bf209e249e7a1a8c1d6384af24,0.5333333333333333,0.5,0.7142857142857143,0.6956521739130435,0.3869903678101527,0.007854,0.007930860000000001,0.00837705,126089.73049581001,1,10,100,"[3, 480]"
PhysionetMI,1,bandpower_logreg,amplitude_2,unlabeled_rms,30,15,0.007197291997727007,0.008583466666666666,PhysionetMI_1_bandpower_logreg_amplitude_2_unlabeled_rms.npz,models/55a603085d09a22c/PhysionetMI/1/bandpower_logreg/manifest.json,817fa9314fd01a74f19c4ae097f2848566c250bf209e249e7a1a8c1d6384af24,0.5333333333333333,0.5446428571428572,0.6607142857142858,0.46153846153846156,0.22938973652625413,0.007854,0.007930860000000001,0.00837705,126089.73049581001,1,10,100,"[3, 480]"
PhysionetMI,1,bandpower_logreg,drift_2,none,30,15,0.007197291997727007,7.206666666666668e-05,PhysionetMI_1_bandpower_logreg_drift_2_none.npz,models/55a603085d09a22c/PhysionetMI/1/bandpower_logreg/manifest.json,817fa9314fd01a74f19c4ae097f2848566c250bf209e249e7a1a8c1d6384af24,0.5333333333333333,0.5446428571428572,0.7142857142857143,0.46153846153846156,0.24192974433681894,0.007854,0.007930860000000001,0.00837705,126089.73049581001,1,10,100,"[3, 480]"
PhysionetMI,1,bandpower_logreg,drift_2,unlabeled_rms,30,15,0.007197291997727007,0.0089194,PhysionetMI_1_bandpower_logreg_drift_2_unlabeled_rms.npz,models/55a603085d09a22c/PhysionetMI/1/bandpower_logreg/manifest.json,817fa9314fd01a74f19c4ae097f2848566c250bf209e249e7a1a8c1d6384af24,0.5333333333333333,0.5446428571428572,0.6607142857142858,0.46153846153846156,0.22938355396286217,0.007854,0.007930860000000001,0.00837705,126089.73049581001,1,10,100,"[3, 480]"
PhysionetMI,1,bandpower_logreg,mixed,none,30,15,0.007197291997727007,8.619999999999998e-05,PhysionetMI_1_bandpower_logreg_mixed_none.npz,models/55a603085d09a22c/PhysionetMI/1/bandpower_logreg/manifest.json,817fa9314fd01a74f19c4ae097f2848566c250bf209e249e7a1a8c1d6384af24,0.5333333333333333,0.5,0.7857142857142857,0.6956521739130435,0.4624299888181806,0.007854,0.007930860000000001,0.00837705,126089.73049581001,1,10,100,"[3, 480]"
PhysionetMI,1,bandpower_logreg,mixed,unlabeled_rms,30,15,0.007197291997727007,0.027336066666666665,PhysionetMI_1_bandpower_logreg_mixed_unlabeled_rms.npz,models/55a603085d09a22c/PhysionetMI/1/bandpower_logreg/manifest.json,817fa9314fd01a74f19c4ae097f2848566c250bf209e249e7a1a8c1d6384af24,0.6,0.6071428571428572,0.7857142857142857,0.5714285714285714,0.19199958133017128,0.007854,0.007930860000000001,0.00837705,126089.73049581001,1,10,100,"[3, 480]"
PhysionetMI,1,csp_lda,clean,none,30,15,0.028529625007649884,7.213333333333334e-05,PhysionetMI_1_csp_lda_clean_none.npz,models/55a603085d09a22c/PhysionetMI/1/csp_lda/manifest.json,18fac7c59efa2e7689494083c9adcbc98336278003db69037f380aa622ed85bf,0.6,0.6071428571428572,0.7857142857142857,0.5714285714285714,0.2351697564405944,0.009917,0.009974969999999998,0.01038125,100250.92807296665,1,10,100,"[3, 480]"
PhysionetMI,1,csp_lda,noise_0.5,none,30,15,0.028529625007649884,8.879999999999999e-05,PhysionetMI_1_csp_lda_noise_0.5_none.npz,models/55a603085d09a22c/PhysionetMI/1/csp_lda/manifest.json,18fac7c59efa2e7689494083c9adcbc98336278003db69037f380aa622ed85bf,0.5333333333333333,0.5,0.7321428571428571,0.6956521739130435,0.3840967698448985,0.009917,0.009974969999999998,0.01038125,100250.92807296665,1,10,100,"[3, 480]"
PhysionetMI,1,csp_lda,noise_0.5,unlabeled_rms,30,15,0.028529625007649884,0.009108333333333335,PhysionetMI_1_csp_lda_noise_0.5_unlabeled_rms.npz,models/55a603085d09a22c/PhysionetMI/1/csp_lda/manifest.json,18fac7c59efa2e7689494083c9adcbc98336278003db69037f380aa622ed85bf,0.5333333333333333,0.5,0.7678571428571428,0.6956521739130435,0.2971926701925342,0.009917,0.009974969999999998,0.01038125,100250.92807296665,1,10,100,"[3, 480]"
PhysionetMI,1,csp_lda,noise_1,none,30,15,0.028529625007649884,6.093333333333335e-05,PhysionetMI_1_csp_lda_noise_1_none.npz,models/55a603085d09a22c/PhysionetMI/1/csp_lda/manifest.json,18fac7c59efa2e7689494083c9adcbc98336278003db69037f380aa622ed85bf,0.5333333333333333,0.5,0.6607142857142857,0.6956521739130435,0.4642562046006396,0.009917,0.009974969999999998,0.01038125,100250.92807296665,1,10,100,"[3, 480]"
PhysionetMI,1,csp_lda,noise_1,unlabeled_rms,30,15,0.028529625007649884,0.007991599999999998,PhysionetMI_1_csp_lda_noise_1_unlabeled_rms.npz,models/55a603085d09a22c/PhysionetMI/1/csp_lda/manifest.json,18fac7c59efa2e7689494083c9adcbc98336278003db69037f380aa622ed85bf,0.5333333333333333,0.5,0.6428571428571428,0.6956521739130435,0.39754098038793023,0.009917,0.009974969999999998,0.01038125,100250.92807296665,1,10,100,"[3, 480]"
PhysionetMI,1,csp_lda,noise_2,none,30,15,0.028529625007649884,5.833333333333333e-05,PhysionetMI_1_csp_lda_noise_2_none.npz,models/55a603085d09a22c/PhysionetMI/1/csp_lda/manifest.json,18fac7c59efa2e7689494083c9adcbc98336278003db69037f380aa622ed85bf,0.5333333333333333,0.5,0.5714285714285714,0.6956521739130435,0.4666309009565682,0.009917,0.009974969999999998,0.01038125,100250.92807296665,1,10,100,"[3, 480]"
PhysionetMI,1,csp_lda,noise_2,unlabeled_rms,30,15,0.028529625007649884,0.008769333333333334,PhysionetMI_1_csp_lda_noise_2_unlabeled_rms.npz,models/55a603085d09a22c/PhysionetMI/1/csp_lda/manifest.json,18fac7c59efa2e7689494083c9adcbc98336278003db69037f380aa622ed85bf,0.5333333333333333,0.5,0.5892857142857144,0.6956521739130435,0.42304636676178403,0.009917,0.009974969999999998,0.01038125,100250.92807296665,1,10,100,"[3, 480]"
PhysionetMI,1,csp_lda,dropout_1,none,30,15,0.028529625007649884,8.619999999999998e-05,PhysionetMI_1_csp_lda_dropout_1_none.npz,models/55a603085d09a22c/PhysionetMI/1/csp_lda/manifest.json,18fac7c59efa2e7689494083c9adcbc98336278003db69037f380aa622ed85bf,0.5333333333333333,0.5446428571428572,0.7321428571428572,0.46153846153846156,0.26218900353557045,0.009917,0.009974969999999998,0.01038125,100250.92807296665,1,10,100,"[3, 480]"
PhysionetMI,1,csp_lda,dropout_1,unlabeled_rms,30,15,0.028529625007649884,0.009527666666666667,PhysionetMI_1_csp_lda_dropout_1_unlabeled_rms.npz,models/55a603085d09a22c/PhysionetMI/1/csp_lda/manifest.json,18fac7c59efa2e7689494083c9adcbc98336278003db69037f380aa622ed85bf,0.5333333333333333,0.5446428571428572,0.6785714285714285,0.46153846153846156,0.24561514880319443,0.009917,0.009974969999999998,0.01038125,100250.92807296665,1,10,100,"[3, 480]"
PhysionetMI,1,csp_lda,dropout_2,none,30,15,0.028529625007649884,7.246666666666666e-05,PhysionetMI_1_csp_lda_dropout_2_none.npz,models/55a603085d09a22c/PhysionetMI/1/csp_lda/manifest.json,18fac7c59efa2e7689494083c9adcbc98336278003db69037f380aa622ed85bf,0.4666666666666667,0.5,0.3392857142857143,0.0,0.4357206358522339,0.009917,0.009974969999999998,0.01038125,100250.92807296665,1,10,100,"[3, 480]"
PhysionetMI,1,csp_lda,dropout_2,unlabeled_rms,30,15,0.028529625007649884,0.015877866666666667,PhysionetMI_1_csp_lda_dropout_2_unlabeled_rms.npz,models/55a603085d09a22c/PhysionetMI/1/csp_lda/manifest.json,18fac7c59efa2e7689494083c9adcbc98336278003db69037f380aa622ed85bf,0.4666666666666667,0.5,0.3035714285714286,0.0,0.43434576272290915,0.009917,0.009974969999999998,0.01038125,100250.92807296665,1,10,100,"[3, 480]"
PhysionetMI,1,csp_lda,amplitude_2,none,30,15,0.028529625007649884,8.599999999999999e-05,PhysionetMI_1_csp_lda_amplitude_2_none.npz,models/55a603085d09a22c/PhysionetMI/1/csp_lda/manifest.json,18fac7c59efa2e7689494083c9adcbc98336278003db69037f380aa622ed85bf,0.5333333333333333,0.5,0.7857142857142857,0.6956521739130435,0.41954003575719695,0.009917,0.009974969999999998,0.01038125,100250.92807296665,1,10,100,"[3, 480]"
PhysionetMI,1,csp_lda,amplitude_2,unlabeled_rms,30,15,0.028529625007649884,0.021227733333333332,PhysionetMI_1_csp_lda_amplitude_2_unlabeled_rms.npz,models/55a603085d09a22c/PhysionetMI/1/csp_lda/manifest.json,18fac7c59efa2e7689494083c9adcbc98336278003db69037f380aa622ed85bf,0.6,0.6071428571428572,0.7321428571428572,0.5714285714285714,0.22211544832037605,0.009917,0.009974969999999998,0.01038125,100250.92807296665,1,10,100,"[3, 480]"
PhysionetMI,1,csp_lda,drift_2,none,30,15,0.028529625007649884,6.393333333333335e-05,PhysionetMI_1_csp_lda_drift_2_none.npz,models/55a603085d09a22c/PhysionetMI/1/csp_lda/manifest.json,18fac7c59efa2e7689494083c9adcbc98336278003db69037f380aa622ed85bf,0.6,0.6071428571428572,0.7857142857142857,0.5714285714285714,0.23517078874067243,0.009917,0.009974969999999998,0.01038125,100250.92807296665,1,10,100,"[3, 480]"
PhysionetMI,1,csp_lda,drift_2,unlabeled_rms,30,15,0.028529625007649884,0.0109028,PhysionetMI_1_csp_lda_drift_2_unlabeled_rms.npz,models/55a603085d09a22c/PhysionetMI/1/csp_lda/manifest.json,18fac7c59efa2e7689494083c9adcbc98336278003db69037f380aa622ed85bf,0.6,0.6071428571428572,0.7321428571428572,0.5714285714285714,0.2221122895525725,0.009917,0.009974969999999998,0.01038125,100250.92807296665,1,10,100,"[3, 480]"
PhysionetMI,1,csp_lda,mixed,none,30,15,0.028529625007649884,6.113333333333335e-05,PhysionetMI_1_csp_lda_mixed_none.npz,models/55a603085d09a22c/PhysionetMI/1/csp_lda/manifest.json,18fac7c59efa2e7689494083c9adcbc98336278003db69037f380aa622ed85bf,0.5333333333333333,0.5,0.6607142857142857,0.6956521739130435,0.4666342046137569,0.009917,0.009974969999999998,0.01038125,100250.92807296665,1,10,100,"[3, 480]"
PhysionetMI,1,csp_lda,mixed,unlabeled_rms,30,15,0.028529625007649884,0.008436266666666668,PhysionetMI_1_csp_lda_mixed_unlabeled_rms.npz,models/55a603085d09a22c/PhysionetMI/1/csp_lda/manifest.json,18fac7c59efa2e7689494083c9adcbc98336278003db69037f380aa622ed85bf,0.5333333333333333,0.5,0.6428571428571428,0.6956521739130435,0.39754098038793023,0.009917,0.009974969999999998,0.01038125,100250.92807296665,1,10,100,"[3, 480]"
PhysionetMI,1,eegnet,clean,none,30,15,0.6968463330122177,8.333333333333332e-05,PhysionetMI_1_eegnet_clean_none.npz,models/55a603085d09a22c/PhysionetMI/1/eegnet/manifest.json,9960350bf1bae9f8230a7630e85f26bdc6a2380841de07b92e4e89eb9648743a,0.3333333333333333,0.3392857142857143,0.33928571428571425,0.2857142857142857,0.2505611777305603,0.1556045,0.15830663,0.16710655,6316.854827874234,1,10,100,"[3, 480]"
PhysionetMI,1,eegnet,noise_0.5,none,30,15,0.6968463330122177,8.88e-05,PhysionetMI_1_eegnet_noise_0.5_none.npz,models/55a603085d09a22c/PhysionetMI/1/eegnet/manifest.json,9960350bf1bae9f8230a7630e85f26bdc6a2380841de07b92e4e89eb9648743a,0.4,0.39285714285714285,0.3392857142857143,0.47058823529411764,0.25058990716934204,0.1556045,0.15830663,0.16710655,6316.854827874234,1,10,100,"[3, 480]"
PhysionetMI,1,eegnet,noise_0.5,unlabeled_rms,30,15,0.6968463330122177,0.010955666666666667,PhysionetMI_1_eegnet_noise_0.5_unlabeled_rms.npz,models/55a603085d09a22c/PhysionetMI/1/eegnet/manifest.json,9960350bf1bae9f8230a7630e85f26bdc6a2380841de07b92e4e89eb9648743a,0.26666666666666666,0.26785714285714285,0.3214285714285714,0.26666666666666666,0.2505393624305725,0.1556045,0.15830663,0.16710655,6316.854827874234,1,10,100,"[3, 480]"
PhysionetMI,1,eegnet,noise_1,none,30,15,0.6968463330122177,6.393333333333333e-05,PhysionetMI_1_eegnet_noise_1_none.npz,models/55a603085d09a22c/PhysionetMI/1/eegnet/manifest.json,9960350bf1bae9f8230a7630e85f26bdc6a2380841de07b92e4e89eb9648743a,0.6666666666666666,0.6428571428571428,0.3392857142857143,0.7619047619047619,0.250614732503891,0.1556045,0.15830663,0.16710655,6316.854827874234,1,10,100,"[3, 480]"
PhysionetMI,1,eegnet,noise_1,unlabeled_rms,30,15,0.6968463330122177,0.010730533333333332,PhysionetMI_1_eegnet_noise_1_unlabeled_rms.npz,models/55a603085d09a22c/PhysionetMI/1/eegnet/manifest.json,9960350bf1bae9f8230a7630e85f26bdc6a2380841de07b92e4e89eb9648743a,0.26666666666666666,0.26785714285714285,0.33928571428571425,0.26666666666666666,0.25044605135917664,0.1556045,0.15830663,0.16710655,6316.854827874234,1,10,100,"[3, 480]"
PhysionetMI,1,eegnet,noise_2,none,30,15,0.6968463330122177,6.673333333333335e-05,PhysionetMI_1_eegnet_noise_2_none.npz,models/55a603085d09a22c/PhysionetMI/1/eegnet/manifest.json,9960350bf1bae9f8230a7630e85f26bdc6a2380841de07b92e4e89eb9648743a,0.5333333333333333,0.5,0.35714285714285715,0.6956521739130435,0.2508752942085266,0.1556045,0.15830663,0.16710655,6316.854827874234,1,10,100,"[3, 480]"
PhysionetMI,1,eegnet,noise_2,unlabeled_rms,30,15,0.6968463330122177,0.010994533333333334,PhysionetMI_1_eegnet_noise_2_unlabeled_rms.npz,models/55a603085d09a22c/PhysionetMI/1/eegnet/manifest.json,9960350bf1bae9f8230a7630e85f26bdc6a2380841de07b92e4e89eb9648743a,0.4666666666666667,0.4732142857142857,0.3392857142857143,0.42857142857142855,0.2504204511642456,0.1556045,0.15830663,0.16710655,6316.854827874234,1,10,100,"[3, 480]"
PhysionetMI,1,eegnet,dropout_1,none,30,15,0.6968463330122177,0.000122,PhysionetMI_1_eegnet_dropout_1_none.npz,models/55a603085d09a22c/PhysionetMI/1/eegnet/manifest.json,9960350bf1bae9f8230a7630e85f26bdc6a2380841de07b92e4e89eb9648743a,0.4,0.42857142857142855,0.5,0.0,0.2502078711986542,0.1556045,0.15830663,0.16710655,6316.854827874234,1,10,100,"[3, 480]"
PhysionetMI,1,eegnet,dropout_1,unlabeled_rms,30,15,0.6968463330122177,0.024641533333333337,PhysionetMI_1_eegnet_dropout_1_unlabeled_rms.npz,models/55a603085d09a22c/PhysionetMI/1/eegnet/manifest.json,9960350bf1bae9f8230a7630e85f26bdc6a2380841de07b92e4e89eb9648743a,0.4,0.42857142857142855,0.44642857142857145,0.0,0.25021499395370483,0.1556045,0.15830663,0.16710655,6316.854827874234,1,10,100,"[3, 480]"
PhysionetMI,1,eegnet,dropout_2,none,30,15,0.6968463330122177,0.00020540000000000003,PhysionetMI_1_eegnet_dropout_2_none.npz,models/55a603085d09a22c/PhysionetMI/1/eegnet/manifest.json,9960350bf1bae9f8230a7630e85f26bdc6a2380841de07b92e4e89eb9648743a,0.4666666666666667,0.5,0.4285714285714286,0.0,0.2502625286579132,0.1556045,0.15830663,0.16710655,6316.854827874234,1,10,100,"[3, 480]"
PhysionetMI,1,eegnet,dropout_2,unlabeled_rms,30,15,0.6968463330122177,0.02372226666666667,PhysionetMI_1_eegnet_dropout_2_unlabeled_rms.npz,models/55a603085d09a22c/PhysionetMI/1/eegnet/manifest.json,9960350bf1bae9f8230a7630e85f26bdc6a2380841de07b92e4e89eb9648743a,0.4666666666666667,0.5,0.4285714285714286,0.0,0.250276654958725,0.1556045,0.15830663,0.16710655,6316.854827874234,1,10,100,"[3, 480]"
PhysionetMI,1,eegnet,amplitude_2,none,30,15,0.6968463330122177,0.0001361333333333333,PhysionetMI_1_eegnet_amplitude_2_none.npz,models/55a603085d09a22c/PhysionetMI/1/eegnet/manifest.json,9960350bf1bae9f8230a7630e85f26bdc6a2380841de07b92e4e89eb9648743a,0.6,0.5803571428571428,0.35714285714285715,0.7,0.2512235939502716,0.1556045,0.15830663,0.16710655,6316.854827874234,1,10,100,"[3, 480]"
PhysionetMI,1,eegnet,amplitude_2,unlabeled_rms,30,15,0.6968463330122177,0.011922199999999999,PhysionetMI_1_eegnet_amplitude_2_unlabeled_rms.npz,models/55a603085d09a22c/PhysionetMI/1/eegnet/manifest.json,9960350bf1bae9f8230a7630e85f26bdc6a2380841de07b92e4e89eb9648743a,0.3333333333333333,0.33035714285714285,0.33928571428571425,0.375,0.2506190240383148,0.1556045,0.15830663,0.16710655,6316.854827874234,1,10,100,"[3, 480]"
PhysionetMI,1,eegnet,drift_2,none,30,15,0.6968463330122177,9.72e-05,PhysionetMI_1_eegnet_drift_2_none.npz,models/55a603085d09a22c/PhysionetMI/1/eegnet/manifest.json,9960350bf1bae9f8230a7630e85f26bdc6a2380841de07b92e4e89eb9648743a,0.3333333333333333,0.3392857142857143,0.33928571428571425,0.2857142857142857,0.2505609095096588,0.1556045,0.15830663,0.16710655,6316.854827874234,1,10,100,"[3, 480]"
PhysionetMI,1,eegnet,drift_2,unlabeled_rms,30,15,0.6968463330122177,0.0132166,PhysionetMI_1_eegnet_drift_2_unlabeled_rms.npz,models/55a603085d09a22c/PhysionetMI/1/eegnet/manifest.json,9960350bf1bae9f8230a7630e85f26bdc6a2380841de07b92e4e89eb9648743a,0.3333333333333333,0.33035714285714285,0.33928571428571425,0.375,0.25061875581741333,0.1556045,0.15830663,0.16710655,6316.854827874234,1,10,100,"[3, 480]"
PhysionetMI,1,eegnet,mixed,none,30,15,0.6968463330122177,0.00010846666666666667,PhysionetMI_1_eegnet_mixed_none.npz,models/55a603085d09a22c/PhysionetMI/1/eegnet/manifest.json,9960350bf1bae9f8230a7630e85f26bdc6a2380841de07b92e4e89eb9648743a,0.5333333333333333,0.5,0.375,0.6956521739130435,0.2512838542461395,0.1556045,0.15830663,0.16710655,6316.854827874234,1,10,100,"[3, 480]"
PhysionetMI,1,eegnet,mixed,unlabeled_rms,30,15,0.6968463330122177,0.012249933333333336,PhysionetMI_1_eegnet_mixed_unlabeled_rms.npz,models/55a603085d09a22c/PhysionetMI/1/eegnet/manifest.json,9960350bf1bae9f8230a7630e85f26bdc6a2380841de07b92e4e89eb9648743a,0.26666666666666666,0.26785714285714285,0.33928571428571425,0.26666666666666666,0.25044605135917664,0.1556045,0.15830663,0.16710655,6316.854827874234,1,10,100,"[3, 480]"
PhysionetMI,2,bandpower_logreg,clean,none,30,15,0.0032123749842867255,0.0001054,PhysionetMI_2_bandpower_logreg_clean_none.npz,models/55a603085d09a22c/PhysionetMI/2/bandpower_logreg/manifest.json,8e7bad6d03015e64ff23d7ae1b57d4274a9a5081a9afe7471952187c1a00177d,0.6,0.5982142857142857,0.5357142857142856,0.5714285714285714,0.26688993897407776,0.010375,0.010384119999999997,0.01083305,96300.8902054291,1,10,100,"[3, 480]"
PhysionetMI,2,bandpower_logreg,noise_0.5,none,30,15,0.0032123749842867255,9.159999999999999e-05,PhysionetMI_2_bandpower_logreg_noise_0.5_none.npz,models/55a603085d09a22c/PhysionetMI/2/bandpower_logreg/manifest.json,8e7bad6d03015e64ff23d7ae1b57d4274a9a5081a9afe7471952187c1a00177d,0.5333333333333333,0.5446428571428572,0.5535714285714285,0.5882352941176471,0.27260374402535137,0.010375,0.010384119999999997,0.01083305,96300.8902054291,1,10,100,"[3, 480]"
PhysionetMI,2,bandpower_logreg,noise_0.5,unlabeled_rms,30,15,0.0032123749842867255,0.010902866666666667,PhysionetMI_2_bandpower_logreg_noise_0.5_unlabeled_rms.npz,models/55a603085d09a22c/PhysionetMI/2/bandpower_logreg/manifest.json,8e7bad6d03015e64ff23d7ae1b57d4274a9a5081a9afe7471952187c1a00177d,0.4666666666666667,0.4732142857142857,0.5178571428571428,0.5,0.2712840829576271,0.010375,0.010384119999999997,0.01083305,96300.8902054291,1,10,100,"[3, 480]"
PhysionetMI,2,bandpower_logreg,noise_1,none,30,15,0.0032123749842867255,7.506666666666667e-05,PhysionetMI_2_bandpower_logreg_noise_1_none.npz,models/55a603085d09a22c/PhysionetMI/2/bandpower_logreg/manifest.json,8e7bad6d03015e64ff23d7ae1b57d4274a9a5081a9afe7471952187c1a00177d,0.4,0.4107142857142857,0.3928571428571428,0.47058823529411764,0.2955474301254345,0.010375,0.010384119999999997,0.01083305,96300.8902054291,1,10,100,"[3, 480]"
PhysionetMI,2,bandpower_logreg,noise_1,unlabeled_rms,30,15,0.0032123749842867255,0.0095278,PhysionetMI_2_bandpower_logreg_noise_1_unlabeled_rms.npz,models/55a603085d09a22c/PhysionetMI/2/bandpower_logreg/manifest.json,8e7bad6d03015e64ff23d7ae1b57d4274a9a5081a9afe7471952187c1a00177d,0.4,0.4107142857142857,0.35714285714285715,0.47058823529411764,0.2870979963231631,0.010375,0.010384119999999997,0.01083305,96300.8902054291,1,10,100,"[3, 480]"
PhysionetMI,2,bandpower_logreg,noise_2,none,30,15,0.0032123749842867255,8.893333333333332e-05,PhysionetMI_2_bandpower_logreg_noise_2_none.npz,models/55a603085d09a22c/PhysionetMI/2/bandpower_logreg/manifest.json,8e7bad6d03015e64ff23d7ae1b57d4274a9a5081a9afe7471952187c1a00177d,0.4,0.41964285714285715,0.33928571428571425,0.5263157894736842,0.3298699194249231,0.010375,0.010384119999999997,0.01083305,96300.8902054291,1,10,100,"[3, 480]"
PhysionetMI,2,bandpower_logreg,noise_2,unlabeled_rms,30,15,0.0032123749842867255,0.009450066666666668,PhysionetMI_2_bandpower_logreg_noise_2_unlabeled_rms.npz,models/55a603085d09a22c/PhysionetMI/2/bandpower_logreg/manifest.json,8e7bad6d03015e64ff23d7ae1b57d4274a9a5081a9afe7471952187c1a00177d,0.26666666666666666,0.26785714285714285,0.33928571428571425,0.26666666666666666,0.306009278520539,0.010375,0.010384119999999997,0.01083305,96300.8902054291,1,10,100,"[3, 480]"
PhysionetMI,2,bandpower_logreg,dropout_1,none,30,15,0.0032123749842867255,8.326666666666664e-05,PhysionetMI_2_bandpower_logreg_dropout_1_none.npz,models/55a603085d09a22c/PhysionetMI/2/bandpower_logreg/manifest.json,8e7bad6d03015e64ff23d7ae1b57d4274a9a5081a9afe7471952187c1a00177d,0.4666666666666667,0.5,0.5,0.6363636363636364,0.5333333333333333,0.010375,0.010384119999999997,0.01083305,96300.8902054291,1,10,100,"[3, 480]"
PhysionetMI,2,bandpower_logreg,dropout_1,unlabeled_rms,30,15,0.0032123749842867255,0.008924933333333334,PhysionetMI_2_bandpower_logreg_dropout_1_unlabeled_rms.npz,models/55a603085d09a22c/PhysionetMI/2/bandpower_logreg/manifest.json,8e7bad6d03015e64ff23d7ae1b57d4274a9a5081a9afe7471952187c1a00177d,0.4666666666666667,0.5,0.5,0.6363636363636364,0.5333333333333333,0.010375,0.010384119999999997,0.01083305,96300.8902054291,1,10,100,"[3, 480]"
PhysionetMI,2,bandpower_logreg,dropout_2,none,30,15,0.0032123749842867255,6.96e-05,PhysionetMI_2_bandpower_logreg_dropout_2_none.npz,models/55a603085d09a22c/PhysionetMI/2/bandpower_logreg/manifest.json,8e7bad6d03015e64ff23d7ae1b57d4274a9a5081a9afe7471952187c1a00177d,0.5333333333333333,0.5,0.7321428571428571,0.0,0.4666666666666667,0.010375,0.010384119999999997,0.01083305,96300.8902054291,1,10,100,"[3, 480]"
PhysionetMI,2,bandpower_logreg,dropout_2,unlabeled_rms,30,15,0.0032123749842867255,0.009525000000000002,PhysionetMI_2_bandpower_logreg_dropout_2_unlabeled_rms.npz,models/55a603085d09a22c/PhysionetMI/2/bandpower_logreg/manifest.json,8e7bad6d03015e64ff23d7ae1b57d4274a9a5081a9afe7471952187c1a00177d,0.5333333333333333,0.5,0.7142857142857142,0.0,0.4666666666666667,0.010375,0.010384119999999997,0.01083305,96300.8902054291,1,10,100,"[3, 480]"
PhysionetMI,2,bandpower_logreg,amplitude_2,none,30,15,0.0032123749842867255,7.513333333333332e-05,PhysionetMI_2_bandpower_logreg_amplitude_2_none.npz,models/55a603085d09a22c/PhysionetMI/2/bandpower_logreg/manifest.json,8e7bad6d03015e64ff23d7ae1b57d4274a9a5081a9afe7471952187c1a00177d,0.3333333333333333,0.3482142857142857,0.5357142857142856,0.4444444444444444,0.26963772617497755,0.010375,0.010384119999999997,0.01083305,96300.8902054291,1,10,100,"[3, 480]"
PhysionetMI,2,bandpower_logreg,amplitude_2,unlabeled_rms,30,15,0.0032123749842867255,0.009224933333333334,PhysionetMI_2_bandpower_logreg_amplitude_2_unlabeled_rms.npz,models/55a603085d09a22c/PhysionetMI/2/bandpower_logreg/manifest.json,8e7bad6d03015e64ff23d7ae1b57d4274a9a5081a9afe7471952187c1a00177d,0.4,0.4107142857142857,0.5357142857142856,0.47058823529411764,0.26566401007763496,0.010375,0.010384119999999997,0.01083305,96300.8902054291,1,10,100,"[3, 480]"
PhysionetMI,2,bandpower_logreg,drift_2,none,30,15,0.0032123749842867255,8.053333333333333e-05,PhysionetMI_2_bandpower_logreg_drift_2_none.npz,models/55a603085d09a22c/PhysionetMI/2/bandpower_logreg/manifest.json,8e7bad6d03015e64ff23d7ae1b57d4274a9a5081a9afe7471952187c1a00177d,0.6,0.5982142857142857,0.5357142857142856,0.5714285714285714,0.2668904358842829,0.010375,0.010384119999999997,0.01083305,96300.8902054291,1,10,100,"[3, 480]"
PhysionetMI,2,bandpower_logreg,drift_2,unlabeled_rms,30,15,0.0032123749842867255,0.008214066666666669,PhysionetMI_2_bandpower_logreg_drift_2_unlabeled_rms.npz,models/55a603085d09a22c/PhysionetMI/2/bandpower_logreg/manifest.json,8e7bad6d03015e64ff23d7ae1b57d4274a9a5081a9afe7471952187c1a00177d,0.4,0.4107142857142857,0.5357142857142856,0.47058823529411764,0.26566496643982435,0.010375,0.010384119999999997,0.01083305,96300.8902054291,1,10,100,"[3, 480]"
PhysionetMI,2,bandpower_logreg,mixed,none,30,15,0.0032123749842867255,7.213333333333334e-05,PhysionetMI_2_bandpower_logreg_mixed_none.npz,models/55a603085d09a22c/PhysionetMI/2/bandpower_logreg/manifest.json,8e7bad6d03015e64ff23d7ae1b57d4274a9a5081a9afe7471952187c1a00177d,0.4,0.4107142857142857,0.3928571428571428,0.47058823529411764,0.30025580618413034,0.010375,0.010384119999999997,0.01083305,96300.8902054291,1,10,100,"[3, 480]"
PhysionetMI,2,bandpower_logreg,mixed,unlabeled_rms,30,15,0.0032123749842867255,0.008625066666666669,PhysionetMI_2_bandpower_logreg_mixed_unlabeled_rms.npz,models/55a603085d09a22c/PhysionetMI/2/bandpower_logreg/manifest.json,8e7bad6d03015e64ff23d7ae1b57d4274a9a5081a9afe7471952187c1a00177d,0.4,0.4107142857142857,0.35714285714285715,0.47058823529411764,0.2870979963231631,0.010375,0.010384119999999997,0.01083305,96300.8902054291,1,10,100,"[3, 480]"
PhysionetMI,2,csp_lda,clean,none,30,15,0.005565833009313792,6.686666666666667e-05,PhysionetMI_2_csp_lda_clean_none.npz,models/55a603085d09a22c/PhysionetMI/2/csp_lda/manifest.json,6349d4137ce0060580aa0fe40be9e2a9c3f8b63a31461c449023e192ddb3593a,0.4666666666666667,0.45535714285714285,0.5178571428571428,0.3333333333333333,0.31068923435980494,0.009458,0.009558359999999998,0.010083,104620.45790282017,1,10,100,"[3, 480]"
PhysionetMI,2,csp_lda,noise_0.5,none,30,15,0.005565833009313792,6.100000000000001e-05,PhysionetMI_2_csp_lda_noise_0.5_none.npz,models/55a603085d09a22c/PhysionetMI/2/csp_lda/manifest.json,6349d4137ce0060580aa0fe40be9e2a9c3f8b63a31461c449023e192ddb3593a,0.5333333333333333,0.5089285714285714,0.5178571428571428,0.2222222222222222,0.28578802180502144,0.009458,0.009558359999999998,0.010083,104620.45790282017,1,10,100,"[3, 480]"
PhysionetMI,2,csp_lda,noise_0.5,unlabeled_rms,30,15,0.005565833009313792,0.008258133333333336,PhysionetMI_2_csp_lda_noise_0.5_unlabeled_rms.npz,models/55a603085d09a22c/PhysionetMI/2/csp_lda/manifest.json,6349d4137ce0060580aa0fe40be9e2a9c3f8b63a31461c449023e192ddb3593a,0.6,0.5714285714285714,0.42857142857142855,0.25,0.287064148386535,0.009458,0.009558359999999998,0.010083,104620.45790282017,1,10,100,"[3, 480]"
PhysionetMI,2,csp_lda,noise_1,none,30,15,0.005565833009313792,6.393333333333335e-05,PhysionetMI_2_csp_lda_noise_1_none.npz,models/55a603085d09a22c/PhysionetMI/2/csp_lda/manifest.json,6349d4137ce0060580aa0fe40be9e2a9c3f8b63a31461c449023e192ddb3593a,0.5333333333333333,0.5,0.42857142857142855,0.0,0.32667161963236,0.009458,0.009558359999999998,0.010083,104620.45790282017,1,10,100,"[3, 480]"
PhysionetMI,2,csp_lda,noise_1,unlabeled_rms,30,15,0.005565833009313792,0.008391733333333335,PhysionetMI_2_csp_lda_noise_1_unlabeled_rms.npz,models/55a603085d09a22c/PhysionetMI/2/csp_lda/manifest.json,6349d4137ce0060580aa0fe40be9e2a9c3f8b63a31461c449023e192ddb3593a,0.5333333333333333,0.5,0.39285714285714285,0.0,0.332581079631817,0.009458,0.009558359999999998,0.010083,104620.45790282017,1,10,100,"[3, 480]"
PhysionetMI,2,csp_lda,noise_2,none,30,15,0.005565833009313792,5.266666666666667e-05,PhysionetMI_2_csp_lda_noise_2_none.npz,models/55a603085d09a22c/PhysionetMI/2/csp_lda/manifest.json,6349d4137ce0060580aa0fe40be9e2a9c3f8b63a31461c449023e192ddb3593a,0.5333333333333333,0.5,0.4107142857142857,0.0,0.36277899853773465,0.009458,0.009558359999999998,0.010083,104620.45790282017,1,10,100,"[3, 480]"
PhysionetMI,2,csp_lda,noise_2,unlabeled_rms,30,15,0.005565833009313792,0.008086,PhysionetMI_2_csp_lda_noise_2_unlabeled_rms.npz,models/55a603085d09a22c/PhysionetMI/2/csp_lda/manifest.json,6349d4137ce0060580aa0fe40be9e2a9c3f8b63a31461c449023e192ddb3593a,0.5333333333333333,0.5,0.35714285714285715,0.0,0.36677987711708243,0.009458,0.009558359999999998,0.010083,104620.45790282017,1,10,100,"[3, 480]"
PhysionetMI,2,csp_lda,dropout_1,none,30,15,0.005565833009313792,7.493333333333333e-05,PhysionetMI_2_csp_lda_dropout_1_none.npz,models/55a603085d09a22c/PhysionetMI/2/csp_lda/manifest.json,6349d4137ce0060580aa0fe40be9e2a9c3f8b63a31461c449023e192ddb3593a,0.6,0.5803571428571428,0.6071428571428571,0.4,0.25494830893789644,0.009458,0.009558359999999998,0.010083,104620.45790282017,1,10,100,"[3, 480]"
PhysionetMI,2,csp_lda,dropout_1,unlabeled_rms,30,15,0.005565833009313792,0.008169466666666665,PhysionetMI_2_csp_lda_dropout_1_unlabeled_rms.npz,models/55a603085d09a22c/PhysionetMI/2/csp_lda/manifest.json,6349d4137ce0060580aa0fe40be9e2a9c3f8b63a31461c449023e192ddb3593a,0.5333333333333333,0.5,0.6071428571428571,0.0,0.2865081515544442,0.009458,0.009558359999999998,0.010083,104620.45790282017,1,10,100,"[3, 480]"
PhysionetMI,2,csp_lda,dropout_2,none,30,15,0.005565833009313792,7.773333333333332e-05,PhysionetMI_2_csp_lda_dropout_2_none.npz,models/55a603085d09a22c/PhysionetMI/2/csp_lda/manifest.json,6349d4137ce0060580aa0fe40be9e2a9c3f8b63a31461c449023e192ddb3593a,0.5333333333333333,0.5,0.7321428571428571,0.0,0.46573893547219497,0.009458,0.009558359999999998,0.010083,104620.45790282017,1,10,100,"[3, 480]"
PhysionetMI,2,csp_lda,dropout_2,unlabeled_rms,30,15,0.005565833009313792,0.008019400000000001,PhysionetMI_2_csp_lda_dropout_2_unlabeled_rms.npz,models/55a603085d09a22c/PhysionetMI/2/csp_lda/manifest.json,6349d4137ce0060580aa0fe40be9e2a9c3f8b63a31461c449023e192ddb3593a,0.5333333333333333,0.5,0.7142857142857142,0.0,0.4657518998181894,0.009458,0.009558359999999998,0.010083,104620.45790282017,1,10,100,"[3, 480]"
PhysionetMI,2,csp_lda,amplitude_2,none,30,15,0.005565833009313792,5.800000000000001e-05,PhysionetMI_2_csp_lda_amplitude_2_none.npz,models/55a603085d09a22c/PhysionetMI/2/csp_lda/manifest.json,6349d4137ce0060580aa0fe40be9e2a9c3f8b63a31461c449023e192ddb3593a,0.4666666666666667,0.45535714285714285,0.5178571428571428,0.3333333333333333,0.30968556017718724,0.009458,0.009558359999999998,0.010083,104620.45790282017,1,10,100,"[3, 480]"
PhysionetMI,2,csp_lda,amplitude_2,unlabeled_rms,30,15,0.005565833009313792,0.008174933333333332,PhysionetMI_2_csp_lda_amplitude_2_unlabeled_rms.npz,models/55a603085d09a22c/PhysionetMI/2/csp_lda/manifest.json,6349d4137ce0060580aa0fe40be9e2a9c3f8b63a31461c449023e192ddb3593a,0.4,0.39285714285714285,0.5357142857142857,0.3076923076923077,0.2987759956049139,0.009458,0.009558359999999998,0.010083,104620.45790282017,1,10,100,"[3, 480]"
PhysionetMI,2,csp_lda,drift_2,none,30,15,0.005565833009313792,5.8466666666666674e-05,PhysionetMI_2_csp_lda_drift_2_none.npz,models/55a603085d09a22c/PhysionetMI/2/csp_lda/manifest.json,6349d4137ce0060580aa0fe40be9e2a9c3f8b63a31461c449023e192ddb3593a,0.4666666666666667,0.45535714285714285,0.5178571428571428,0.3333333333333333,0.3106883870415487,0.009458,0.009558359999999998,0.010083,104620.45790282017,1,10,100,"[3, 480]"
PhysionetMI,2,csp_lda,drift_2,unlabeled_rms,30,15,0.005565833009313792,0.008430600000000002,PhysionetMI_2_csp_lda_drift_2_unlabeled_rms.npz,models/55a603085d09a22c/PhysionetMI/2/csp_lda/manifest.json,6349d4137ce0060580aa0fe40be9e2a9c3f8b63a31461c449023e192ddb3593a,0.4,0.39285714285714285,0.5357142857142857,0.3076923076923077,0.2987769692886093,0.009458,0.009558359999999998,0.010083,104620.45790282017,1,10,100,"[3, 480]"
PhysionetMI,2,csp_lda,mixed,none,30,15,0.005565833009313792,6.38e-05,PhysionetMI_2_csp_lda_mixed_none.npz,models/55a603085d09a22c/PhysionetMI/2/csp_lda/manifest.json,6349d4137ce0060580aa0fe40be9e2a9c3f8b63a31461c449023e192ddb3593a,0.5333333333333333,0.5,0.42857142857142855,0.0,0.3347602492158562,0.009458,0.009558359999999998,0.010083,104620.45790282017,1,10,100,"[3, 480]"
PhysionetMI,2,csp_lda,mixed,unlabeled_rms,30,15,0.005565833009313792,0.008322200000000002,PhysionetMI_2_csp_lda_mixed_unlabeled_rms.npz,models/55a603085d09a22c/PhysionetMI/2/csp_lda/manifest.json,6349d4137ce0060580aa0fe40be9e2a9c3f8b63a31461c449023e192ddb3593a,0.5333333333333333,0.5,0.39285714285714285,0.0,0.332581079631817,0.009458,0.009558359999999998,0.010083,104620.45790282017,1,10,100,"[3, 480]"
PhysionetMI,2,eegnet,clean,none,30,15,0.15881716599687934,6.393333333333333e-05,PhysionetMI_2_eegnet_clean_none.npz,models/55a603085d09a22c/PhysionetMI/2/eegnet/manifest.json,863e92f615d87a3dd5592942869f8546745bfd978632ae53719c19cf39331a2d,0.4666666666666667,0.5,0.23214285714285712,0.6363636363636364,0.2511743903160095,0.156709,0.1590142,0.1734944,6288.7465396172165,1,10,100,"[3, 480]"
PhysionetMI,2,eegnet,noise_0.5,none,30,15,0.15881716599687934,7.506666666666666e-05,PhysionetMI_2_eegnet_noise_0.5_none.npz,models/55a603085d09a22c/PhysionetMI/2/eegnet/manifest.json,863e92f615d87a3dd5592942869f8546745bfd978632ae53719c19cf39331a2d,0.4666666666666667,0.5,0.3214285714285714,0.6363636363636364,0.251020610332489,0.156709,0.1590142,0.1734944,6288.7465396172165,1,10,100,"[3, 480]"
PhysionetMI,2,eegnet,noise_0.5,unlabeled_rms,30,15,0.15881716599687934,0.011455466666666666,PhysionetMI_2_eegnet_noise_0.5_unlabeled_rms.npz,models/55a603085d09a22c/PhysionetMI/2/eegnet/manifest.json,863e92f615d87a3dd5592942869f8546745bfd978632ae53719c19cf39331a2d,0.4666666666666667,0.5,0.33928571428571425,0.6363636363636364,0.25073936581611633,0.156709,0.1590142,0.1734944,6288.7465396172165,1,10,100,"[3, 480]"
PhysionetMI,2,eegnet,noise_1,none,30,15,0.15881716599687934,6.659999999999999e-05,PhysionetMI_2_eegnet_noise_1_none.npz,models/55a603085d09a22c/PhysionetMI/2/eegnet/manifest.json,863e92f615d87a3dd5592942869f8546745bfd978632ae53719c19cf39331a2d,0.4666666666666667,0.5,0.42857142857142855,0.6363636363636364,0.250789612531662,0.156709,0.1590142,0.1734944,6288.7465396172165,1,10,100,"[3, 480]"
PhysionetMI,2,eegnet,noise_1,unlabeled_rms,30,15,0.15881716599687934,0.011705466666666666,PhysionetMI_2_eegnet_noise_1_unlabeled_rms.npz,models/55a603085d09a22c/PhysionetMI/2/eegnet/manifest.json,863e92f615d87a3dd5592942869f8546745bfd978632ae53719c19cf39331a2d,0.4666666666666667,0.5,0.4821428571428571,0.6363636363636364,0.25033631920814514,0.156709,0.1590142,0.1734944,6288.7465396172165,1,10,100,"[3, 480]"
PhysionetMI,2,eegnet,noise_2,none,30,15,0.15881716599687934,6.66e-05,PhysionetMI_2_eegnet_noise_2_none.npz,models/55a603085d09a22c/PhysionetMI/2/eegnet/manifest.json,863e92f615d87a3dd5592942869f8546745bfd978632ae53719c19cf39331a2d,0.4666666666666667,0.5,0.6428571428571428,0.6363636363636364,0.25032317638397217,0.156709,0.1590142,0.1734944,6288.7465396172165,1,10,100,"[3, 480]"
PhysionetMI,2,eegnet,noise_2,unlabeled_rms,30,15,0.15881716599687934,0.010905533333333332,PhysionetMI_2_eegnet_noise_2_unlabeled_rms.npz,models/55a603085d09a22c/PhysionetMI/2/eegnet/manifest.json,863e92f615d87a3dd5592942869f8546745bfd978632ae53719c19cf39331a2d,0.4666666666666667,0.5,0.6964285714285714,0.6363636363636364,0.24986504018306732,0.156709,0.1590142,0.1734944,6288.7465396172165,1,10,100,"[3, 480]"
PhysionetMI,2,eegnet,dropout_1,none,30,15,0.15881716599687934,5.546666666666667e-05,PhysionetMI_2_eegnet_dropout_1_none.npz,models/55a603085d09a22c/PhysionetMI/2/eegnet/manifest.json,863e92f615d87a3dd5592942869f8546745bfd978632ae53719c19cf39331a2d,0.4666666666666667,0.5,0.3392857142857143,0.6363636363636364,0.2504642903804779,0.156709,0.1590142,0.1734944,6288.7465396172165,1,10,100,"[3, 480]"
PhysionetMI,2,eegnet,dropout_1,unlabeled_rms,30,15,0.15881716599687934,0.010366666666666666,PhysionetMI_2_eegnet_dropout_1_unlabeled_rms.npz,models/55a603085d09a22c/PhysionetMI/2/eegnet/manifest.json,863e92f615d87a3dd5592942869f8546745bfd978632ae53719c19cf39331a2d,0.4666666666666667,0.5,0.3571428571428571,0.6363636363636364,0.25047335028648376,0.156709,0.1590142,0.1734944,6288.7465396172165,1,10,100,"[3, 480]"
PhysionetMI,2,eegnet,dropout_2,none,30,15,0.15881716599687934,8.34e-05,PhysionetMI_2_eegnet_dropout_2_none.npz,models/55a603085d09a22c/PhysionetMI/2/eegnet/manifest.json,863e92f615d87a3dd5592942869f8546745bfd978632ae53719c19cf39331a2d,0.4666666666666667,0.5,0.375,0.6363636363636364,0.2501775920391083,0.156709,0.1590142,0.1734944,6288.7465396172165,1,10,100,"[3, 480]"
PhysionetMI,2,eegnet,dropout_2,unlabeled_rms,30,15,0.15881716599687934,0.0107222,PhysionetMI_2_eegnet_dropout_2_unlabeled_rms.npz,models/55a603085d09a22c/PhysionetMI/2/eegnet/manifest.json,863e92f615d87a3dd5592942869f8546745bfd978632ae53719c19cf39331a2d,0.4666666666666667,0.5,0.4107142857142857,0.6363636363636364,0.2501848042011261,0.156709,0.1590142,0.1734944,6288.7465396172165,1,10,100,"[3, 480]"
PhysionetMI,2,eegnet,amplitude_2,none,30,15,0.15881716599687934,6.400000000000001e-05,PhysionetMI_2_eegnet_amplitude_2_none.npz,models/55a603085d09a22c/PhysionetMI/2/eegnet/manifest.json,863e92f615d87a3dd5592942869f8546745bfd978632ae53719c19cf39331a2d,0.4666666666666667,0.5,0.21428571428571427,0.6363636363636364,0.25335219502449036,0.156709,0.1590142,0.1734944,6288.7465396172165,1,10,100,"[3, 480]"
PhysionetMI,2,eegnet,amplitude_2,unlabeled_rms,30,15,0.15881716599687934,0.010486200000000001,PhysionetMI_2_eegnet_amplitude_2_unlabeled_rms.npz,models/55a603085d09a22c/PhysionetMI/2/eegnet/manifest.json,863e92f615d87a3dd5592942869f8546745bfd978632ae53719c19cf39331a2d,0.4666666666666667,0.5,0.23214285714285712,0.6363636363636364,0.2510732114315033,0.156709,0.1590142,0.1734944,6288.7465396172165,1,10,100,"[3, 480]"
PhysionetMI,2,eegnet,drift_2,none,30,15,0.15881716599687934,6.946666666666668e-05,PhysionetMI_2_eegnet_drift_2_none.npz,models/55a603085d09a22c/PhysionetMI/2/eegnet/manifest.json,863e92f615d87a3dd5592942869f8546745bfd978632ae53719c19cf39331a2d,0.4666666666666667,0.5,0.23214285714285712,0.6363636363636364,0.25117436051368713,0.156709,0.1590142,0.1734944,6288.7465396172165,1,10,100,"[3, 480]"
PhysionetMI,2,eegnet,drift_2,unlabeled_rms,30,15,0.15881716599687934,0.010108266666666667,PhysionetMI_2_eegnet_drift_2_unlabeled_rms.npz,models/55a603085d09a22c/PhysionetMI/2/eegnet/manifest.json,863e92f615d87a3dd5592942869f8546745bfd978632ae53719c19cf39331a2d,0.4666666666666667,0.5,0.23214285714285712,0.6363636363636364,0.2510731816291809,0.156709,0.1590142,0.1734944,6288.7465396172165,1,10,100,"[3, 480]"
PhysionetMI,2,eegnet,mixed,none,30,15,0.15881716599687934,6.12e-05,PhysionetMI_2_eegnet_mixed_none.npz,models/55a603085d09a22c/PhysionetMI/2/eegnet/manifest.json,863e92f615d87a3dd5592942869f8546745bfd978632ae53719c19cf39331a2d,0.4666666666666667,0.5,0.375,0.6363636363636364,0.2527734935283661,0.156709,0.1590142,0.1734944,6288.7465396172165,1,10,100,"[3, 480]"
PhysionetMI,2,eegnet,mixed,unlabeled_rms,30,15,0.15881716599687934,0.011044266666666667,PhysionetMI_2_eegnet_mixed_unlabeled_rms.npz,models/55a603085d09a22c/PhysionetMI/2/eegnet/manifest.json,863e92f615d87a3dd5592942869f8546745bfd978632ae53719c19cf39331a2d,0.4666666666666667,0.5,0.4821428571428571,0.6363636363636364,0.25033631920814514,0.156709,0.1590142,0.1734944,6288.7465396172165,1,10,100,"[3, 480]"
PhysionetMI,3,bandpower_logreg,clean,none,30,15,0.001591916981851682,0.00011659999999999999,PhysionetMI_3_bandpower_logreg_clean_none.npz,models/55a603085d09a22c/PhysionetMI/3/bandpower_logreg/manifest.json,d08556aff83232846b29a0649387f8785a70998bb81abdf7442f0400ca8de98a,0.6666666666666666,0.6875,0.6964285714285714,0.7368421052631579,0.24214433324558873,0.010417,0.010507449999999998,0.01100205,95170.56945310235,1,10,100,"[3, 480]"
PhysionetMI,3,bandpower_logreg,noise_0.5,none,30,15,0.001591916981851682,9.45333333333333e-05,PhysionetMI_3_bandpower_logreg_noise_0.5_none.npz,models/55a603085d09a22c/PhysionetMI/3/bandpower_logreg/manifest.json,d08556aff83232846b29a0649387f8785a70998bb81abdf7442f0400ca8de98a,0.5333333333333333,0.5267857142857143,0.5178571428571428,0.46153846153846156,0.24738752171740122,0.010417,0.010507449999999998,0.01100205,95170.56945310235,1,10,100,"[3, 480]"
PhysionetMI,3,bandpower_logreg,noise_0.5,unlabeled_rms,30,15,0.001591916981851682,0.011094600000000001,PhysionetMI_3_bandpower_logreg_noise_0.5_unlabeled_rms.npz,models/55a603085d09a22c/PhysionetMI/3/bandpower_logreg/manifest.json,d08556aff83232846b29a0649387f8785a70998bb81abdf7442f0400ca8de98a,0.4666666666666667,0.4642857142857143,0.4821428571428571,0.42857142857142855,0.2482851546771102,0.010417,0.010507449999999998,0.01100205,95170.56945310235,1,10,100,"[3, 480]"
PhysionetMI,3,bandpower_logreg,noise_1,none,30,15,0.001591916981851682,8.326666666666668e-05,PhysionetMI_3_bandpower_logreg_noise_1_none.npz,models/55a603085d09a22c/PhysionetMI/3/bandpower_logreg/manifest.json,d08556aff83232846b29a0649387f8785a70998bb81abdf7442f0400ca8de98a,0.6,0.5892857142857143,0.4821428571428571,0.5,0.25135166501021294,0.010417,0.010507449999999998,0.01100205,95170.56945310235,1,10,100,"[3, 480]"
PhysionetMI,3,bandpower_logreg,noise_1,unlabeled_rms,30,15,0.001591916981851682,0.009602866666666664,PhysionetMI_3_bandpower_logreg_noise_1_unlabeled_rms.npz,models/55a603085d09a22c/PhysionetMI/3/bandpower_logreg/manifest.json,d08556aff83232846b29a0649387f8785a70998bb81abdf7442f0400ca8de98a,0.4666666666666667,0.4642857142857143,0.4642857142857143,0.42857142857142855,0.252677462674269,0.010417,0.010507449999999998,0.01100205,95170.56945310235,1,10,100,"[3, 480]"
PhysionetMI,3,bandpower_logreg,noise_2,none,30,15,0.001591916981851682,8.04e-05,PhysionetMI_3_bandpower_logreg_noise_2_none.npz,models/55a603085d09a22c/PhysionetMI/3/bandpower_logreg/manifest.json,d08556aff83232846b29a0649387f8785a70998bb81abdf7442f0400ca8de98a,0.5333333333333333,0.5178571428571428,0.4642857142857143,0.36363636363636365,0.2530661821620564,0.010417,0.010507449999999998,0.01100205,95170.56945310235,1,10,100,"[3, 480]"
PhysionetMI,3,bandpower_logreg,noise_2,unlabeled_rms,30,15,0.001591916981851682,0.009191533333333333,PhysionetMI_3_bandpower_logreg_noise_2_unlabeled_rms.npz,models/55a603085d09a22c/PhysionetMI/3/bandpower_logreg/manifest.json,d08556aff83232846b29a0649387f8785a70998bb81abdf7442f0400ca8de98a,0.5333333333333333,0.5357142857142857,0.5,0.5333333333333333,0.25418341379941245,0.010417,0.010507449999999998,0.01100205,95170.56945310235,1,10,100,"[3, 480]"
PhysionetMI,3,bandpower_logreg,dropout_1,none,30,15,0.001591916981851682,7.773333333333332e-05,PhysionetMI_3_bandpower_logreg_dropout_1_none.npz,models/55a603085d09a22c/PhysionetMI/3/bandpower_logreg/manifest.json,d08556aff83232846b29a0649387f8785a70998bb81abdf7442f0400ca8de98a,0.5333333333333333,0.5,0.5714285714285714,0.0,0.4666666666666667,0.010417,0.010507449999999998,0.01100205,95170.56945310235,1,10,100,"[3, 480]"
PhysionetMI,3,bandpower_logreg,dropout_1,unlabeled_rms,30,15,0.001591916981851682,0.008752733333333335,PhysionetMI_3_bandpower_logreg_dropout_1_unlabeled_rms.npz,models/55a603085d09a22c/PhysionetMI/3/bandpower_logreg/manifest.json,d08556aff83232846b29a0649387f8785a70998bb81abdf7442f0400ca8de98a,0.5333333333333333,0.5,0.5714285714285714,0.0,0.4666666666666667,0.010417,0.010507449999999998,0.01100205,95170.56945310235,1,10,100,"[3, 480]"
PhysionetMI,3,bandpower_logreg,dropout_2,none,30,15,0.001591916981851682,8.6e-05,PhysionetMI_3_bandpower_logreg_dropout_2_none.npz,models/55a603085d09a22c/PhysionetMI/3/bandpower_logreg/manifest.json,d08556aff83232846b29a0649387f8785a70998bb81abdf7442f0400ca8de98a,0.4666666666666667,0.5,0.5178571428571428,0.6363636363636364,0.5333316386521892,0.010417,0.010507449999999998,0.01100205,95170.56945310235,1,10,100,"[3, 480]"
PhysionetMI,3,bandpower_logreg,dropout_2,unlabeled_rms,30,15,0.001591916981851682,0.0086722,PhysionetMI_3_bandpower_logreg_dropout_2_unlabeled_rms.npz,models/55a603085d09a22c/PhysionetMI/3/bandpower_logreg/manifest.json,d08556aff83232846b29a0649387f8785a70998bb81abdf7442f0400ca8de98a,0.4666666666666667,0.5,0.5357142857142857,0.6363636363636364,0.5333316834006326,0.010417,0.010507449999999998,0.01100205,95170.56945310235,1,10,100,"[3, 480]"
PhysionetMI,3,bandpower_logreg,amplitude_2,none,30,15,0.001591916981851682,7.233333333333333e-05,PhysionetMI_3_bandpower_logreg_amplitude_2_none.npz,models/55a603085d09a22c/PhysionetMI/3/bandpower_logreg/manifest.json,d08556aff83232846b29a0649387f8785a70998bb81abdf7442f0400ca8de98a,0.7333333333333333,0.75,0.6964285714285714,0.7777777777777778,0.24057811441963273,0.010417,0.010507449999999998,0.01100205,95170.56945310235,1,10,100,"[3, 480]"
PhysionetMI,3,bandpower_logreg,amplitude_2,unlabeled_rms,30,15,0.001591916981851682,0.008680733333333333,PhysionetMI_3_bandpower_logreg_amplitude_2_unlabeled_rms.npz,models/55a603085d09a22c/PhysionetMI/3/bandpower_logreg/manifest.json,d08556aff83232846b29a0649387f8785a70998bb81abdf7442f0400ca8de98a,0.6,0.5982142857142857,0.75,0.5714285714285714,0.2389739464475148,0.010417,0.010507449999999998,0.01100205,95170.56945310235,1,10,100,"[3, 480]"
PhysionetMI,3,bandpower_logreg,drift_2,none,30,15,0.001591916981851682,7.233333333333333e-05,PhysionetMI_3_bandpower_logreg_drift_2_none.npz,models/55a603085d09a22c/PhysionetMI/3/bandpower_logreg/manifest.json,d08556aff83232846b29a0649387f8785a70998bb81abdf7442f0400ca8de98a,0.6666666666666666,0.6875,0.6964285714285714,0.7368421052631579,0.242144879833095,0.010417,0.010507449999999998,0.01100205,95170.56945310235,1,10,100,"[3, 480]"
PhysionetMI,3,bandpower_logreg,drift_2,unlabeled_rms,30,15,0.001591916981851682,0.009680533333333333,PhysionetMI_3_bandpower_logreg_drift_2_unlabeled_rms.npz,models/55a603085d09a22c/PhysionetMI/3/bandpower_logreg/manifest.json,d08556aff83232846b29a0649387f8785a70998bb81abdf7442f0400ca8de98a,0.6,0.5982142857142857,0.75,0.5714285714285714,0.2389741910621004,0.010417,0.010507449999999998,0.01100205,95170.56945310235,1,10,100,"[3, 480]"
PhysionetMI,3,bandpower_logreg,mixed,none,30,15,0.001591916981851682,7.786666666666666e-05,PhysionetMI_3_bandpower_logreg_mixed_none.npz,models/55a603085d09a22c/PhysionetMI/3/bandpower_logreg/manifest.json,d08556aff83232846b29a0649387f8785a70998bb81abdf7442f0400ca8de98a,0.6,0.5892857142857143,0.4821428571428571,0.5,0.250972780897823,0.010417,0.010507449999999998,0.01100205,95170.56945310235,1,10,100,"[3, 480]"
PhysionetMI,3,bandpower_logreg,mixed,unlabeled_rms,30,15,0.001591916981851682,0.0083556,PhysionetMI_3_bandpower_logreg_mixed_unlabeled_rms.npz,models/55a603085d09a22c/PhysionetMI/3/bandpower_logreg/manifest.json,d08556aff83232846b29a0649387f8785a70998bb81abdf7442f0400ca8de98a,0.4666666666666667,0.4642857142857143,0.4642857142857143,0.42857142857142855,0.252677462674269,0.010417,0.010507449999999998,0.01100205,95170.56945310235,1,10,100,"[3, 480]"
PhysionetMI,3,csp_lda,clean,none,30,15,0.004563999973470345,7.233333333333333e-05,PhysionetMI_3_csp_lda_clean_none.npz,models/55a603085d09a22c/PhysionetMI/3/csp_lda/manifest.json,09ac63f513eb1ac51fb9f41ae514d4a375bb10b6e519d663ac8cbd72b26bf8f7,0.4666666666666667,0.4464285714285714,0.5892857142857143,0.2,0.29602956213263665,0.009541,0.009586979999999997,0.009917,104308.13457418294,1,10,100,"[3, 480]"
PhysionetMI,3,csp_lda,noise_0.5,none,30,15,0.004563999973470345,6.393333333333335e-05,PhysionetMI_3_csp_lda_noise_0.5_none.npz,models/55a603085d09a22c/PhysionetMI/3/csp_lda/manifest.json,09ac63f513eb1ac51fb9f41ae514d4a375bb10b6e519d663ac8cbd72b26bf8f7,0.4666666666666667,0.5,0.5357142857142857,0.6363636363636364,0.5290037796437946,0.009541,0.009586979999999997,0.009917,104308.13457418294,1,10,100,"[3, 480]"
PhysionetMI,3,csp_lda,noise_0.5,unlabeled_rms,30,15,0.004563999973470345,0.008308466666666669,PhysionetMI_3_csp_lda_noise_0.5_unlabeled_rms.npz,models/55a603085d09a22c/PhysionetMI/3/csp_lda/manifest.json,09ac63f513eb1ac51fb9f41ae514d4a375bb10b6e519d663ac8cbd72b26bf8f7,0.4666666666666667,0.5,0.5178571428571428,0.6363636363636364,0.5219726603275155,0.009541,0.009586979999999997,0.009917,104308.13457418294,1,10,100,"[3, 480]"
PhysionetMI,3,csp_lda,noise_1,none,30,15,0.004563999973470345,6.386666666666667e-05,PhysionetMI_3_csp_lda_noise_1_none.npz,models/55a603085d09a22c/PhysionetMI/3/csp_lda/manifest.json,09ac63f513eb1ac51fb9f41ae514d4a375bb10b6e519d663ac8cbd72b26bf8f7,0.4666666666666667,0.5,0.49999999999999994,0.6363636363636364,0.5332532351535137,0.009541,0.009586979999999997,0.009917,104308.13457418294,1,10,100,"[3, 480]"
PhysionetMI,3,csp_lda,noise_1,unlabeled_rms,30,15,0.004563999973470345,0.008091733333333333,PhysionetMI_3_csp_lda_noise_1_unlabeled_rms.npz,models/55a603085d09a22c/PhysionetMI/3/csp_lda/manifest.json,09ac63f513eb1ac51fb9f41ae514d4a375bb10b6e519d663ac8cbd72b26bf8f7,0.4666666666666667,0.5,0.48214285714285715,0.6363636363636364,0.5310949885143578,0.009541,0.009586979999999997,0.009917,104308.13457418294,1,10,100,"[3, 480]"
PhysionetMI,3,csp_lda,noise_2,none,30,15,0.004563999973470345,6.126666666666666e-05,PhysionetMI_3_csp_lda_noise_2_none.npz,models/55a603085d09a22c/PhysionetMI/3/csp_lda/manifest.json,09ac63f513eb1ac51fb9f41ae514d4a375bb10b6e519d663ac8cbd72b26bf8f7,0.4666666666666667,0.5,0.49999999999999994,0.6363636363636364,0.5333321615574993,0.009541,0.009586979999999997,0.009917,104308.13457418294,1,10,100,"[3, 480]"
PhysionetMI,3,csp_lda,noise_2,unlabeled_rms,30,15,0.004563999973470345,0.008644333333333334,PhysionetMI_3_csp_lda_noise_2_unlabeled_rms.npz,models/55a603085d09a22c/PhysionetMI/3/csp_lda/manifest.json,09ac63f513eb1ac51fb9f41ae514d4a375bb10b6e519d663ac8cbd72b26bf8f7,0.4666666666666667,0.5,0.49999999999999994,0.6363636363636364,0.5322089998905842,0.009541,0.009586979999999997,0.009917,104308.13457418294,1,10,100,"[3, 480]"
PhysionetMI,3,csp_lda,dropout_1,none,30,15,0.004563999973470345,6.653333333333334e-05,PhysionetMI_3_csp_lda_dropout_1_none.npz,models/55a603085d09a22c/PhysionetMI/3/csp_lda/manifest.json,09ac63f513eb1ac51fb9f41ae514d4a375bb10b6e519d663ac8cbd72b26bf8f7,0.5333333333333333,0.5,0.5,0.0,0.4284920156528547,0.009541,0.009586979999999997,0.009917,104308.13457418294,1,10,100,"[3, 480]"
PhysionetMI,3,csp_lda,dropout_1,unlabeled_rms,30,15,0.004563999973470345,0.008078066666666668,PhysionetMI_3_csp_lda_dropout_1_unlabeled_rms.npz,models/55a603085d09a22c/PhysionetMI/3/csp_lda/manifest.json,09ac63f513eb1ac51fb9f41ae514d4a375bb10b6e519d663ac8cbd72b26bf8f7,0.5333333333333333,0.5089285714285714,0.4642857142857143,0.2222222222222222,0.3995731516827685,0.009541,0.009586979999999997,0.009917,104308.13457418294,1,10,100,"[3, 480]"
PhysionetMI,3,csp_lda,dropout_2,none,30,15,0.004563999973470345,5.560000000000001e-05,PhysionetMI_3_csp_lda_dropout_2_none.npz,models/55a603085d09a22c/PhysionetMI/3/csp_lda/manifest.json,09ac63f513eb1ac51fb9f41ae514d4a375bb10b6e519d663ac8cbd72b26bf8f7,0.4666666666666667,0.5,0.5178571428571428,0.6363636363636364,0.521332213318325,0.009541,0.009586979999999997,0.009917,104308.13457418294,1,10,100,"[3, 480]"
PhysionetMI,3,csp_lda,dropout_2,unlabeled_rms,30,15,0.004563999973470345,0.00821666666666667,PhysionetMI_3_csp_lda_dropout_2_unlabeled_rms.npz,models/55a603085d09a22c/PhysionetMI/3/csp_lda/manifest.json,09ac63f513eb1ac51fb9f41ae514d4a375bb10b6e519d663ac8cbd72b26bf8f7,0.4666666666666667,0.5,0.5357142857142857,0.6363636363636364,0.5280228635879407,0.009541,0.009586979999999997,0.009917,104308.13457418294,1,10,100,"[3, 480]"
PhysionetMI,3,csp_lda,amplitude_2,none,30,15,0.004563999973470345,6.946666666666667e-05,PhysionetMI_3_csp_lda_amplitude_2_none.npz,models/55a603085d09a22c/PhysionetMI/3/csp_lda/manifest.json,09ac63f513eb1ac51fb9f41ae514d4a375bb10b6e519d663ac8cbd72b26bf8f7,0.4666666666666667,0.5,0.5892857142857143,0.6363636363636364,0.5016736384744485,0.009541,0.009586979999999997,0.009917,104308.13457418294,1,10,100,"[3, 480]"
PhysionetMI,3,csp_lda,amplitude_2,unlabeled_rms,30,15,0.004563999973470345,0.007936200000000001,PhysionetMI_3_csp_lda_amplitude_2_unlabeled_rms.npz,models/55a603085d09a22c/PhysionetMI/3/csp_lda/manifest.json,09ac63f513eb1ac51fb9f41ae514d4a375bb10b6e519d663ac8cbd72b26bf8f7,0.4666666666666667,0.4642857142857143,0.5714285714285714,0.42857142857142855,0.3118038756688492,0.009541,0.009586979999999997,0.009917,104308.13457418294,1,10,100,"[3, 480]"
PhysionetMI,3,csp_lda,drift_2,none,30,15,0.004563999973470345,6.386666666666668e-05,PhysionetMI_3_csp_lda_drift_2_none.npz,models/55a603085d09a22c/PhysionetMI/3/csp_lda/manifest.json,09ac63f513eb1ac51fb9f41ae514d4a375bb10b6e519d663ac8cbd72b26bf8f7,0.4666666666666667,0.4464285714285714,0.5892857142857143,0.2,0.29602804053366394,0.009541,0.009586979999999997,0.009917,104308.13457418294,1,10,100,"[3, 480]"
PhysionetMI,3,csp_lda,drift_2,unlabeled_rms,30,15,0.004563999973470345,0.008158333333333333,PhysionetMI_3_csp_lda_drift_2_unlabeled_rms.npz,models/55a603085d09a22c/PhysionetMI/3/csp_lda/manifest.json,09ac63f513eb1ac51fb9f41ae514d4a375bb10b6e519d663ac8cbd72b26bf8f7,0.4666666666666667,0.4642857142857143,0.5714285714285714,0.42857142857142855,0.31180446843048537,0.009541,0.009586979999999997,0.009917,104308.13457418294,1,10,100,"[3, 480]"
PhysionetMI,3,csp_lda,mixed,none,30,15,0.004563999973470345,6.106666666666668e-05,PhysionetMI_3_csp_lda_mixed_none.npz,models/55a603085d09a22c/PhysionetMI/3/csp_lda/manifest.json,09ac63f513eb1ac51fb9f41ae514d4a375bb10b6e519d663ac8cbd72b26bf8f7,0.4666666666666667,0.5,0.49999999999999994,0.6363636363636364,0.533332245666411,0.009541,0.009586979999999997,0.009917,104308.13457418294,1,10,100,"[3, 480]"
PhysionetMI,3,csp_lda,mixed,unlabeled_rms,30,15,0.004563999973470345,0.008083200000000002,PhysionetMI_3_csp_lda_mixed_unlabeled_rms.npz,models/55a603085d09a22c/PhysionetMI/3/csp_lda/manifest.json,09ac63f513eb1ac51fb9f41ae514d4a375bb10b6e519d663ac8cbd72b26bf8f7,0.4666666666666667,0.5,0.48214285714285715,0.6363636363636364,0.5310949885143578,0.009541,0.009586979999999997,0.009917,104308.13457418294,1,10,100,"[3, 480]"
PhysionetMI,3,eegnet,clean,none,30,15,0.4429211250098888,7.199999999999999e-05,PhysionetMI_3_eegnet_clean_none.npz,models/55a603085d09a22c/PhysionetMI/3/eegnet/manifest.json,a1a715c763f537ed494e5094494156a5aa16a4e57d4d1515bb415ef59357be7b,0.4666666666666667,0.45535714285714285,0.4464285714285714,0.3333333333333333,0.2525607645511627,0.1565,0.16287672999999997,0.19361635,6139.612454154748,1,10,100,"[3, 480]"
PhysionetMI,3,eegnet,noise_0.5,none,30,15,0.4429211250098888,7.513333333333335e-05,PhysionetMI_3_eegnet_noise_0.5_none.npz,models/55a603085d09a22c/PhysionetMI/3/eegnet/manifest.json,a1a715c763f537ed494e5094494156a5aa16a4e57d4d1515bb415ef59357be7b,0.5333333333333333,0.5267857142857143,0.48214285714285715,0.46153846153846156,0.25184088945388794,0.1565,0.16287672999999997,0.19361635,6139.612454154748,1,10,100,"[3, 480]"
PhysionetMI,3,eegnet,noise_0.5,unlabeled_rms,30,15,0.4429211250098888,0.010858399999999997,PhysionetMI_3_eegnet_noise_0.5_unlabeled_rms.npz,models/55a603085d09a22c/PhysionetMI/3/eegnet/manifest.json,a1a715c763f537ed494e5094494156a5aa16a4e57d4d1515bb415ef59357be7b,0.4,0.3839285714285714,0.48214285714285715,0.18181818181818182,0.2506175637245178,0.1565,0.16287672999999997,0.19361635,6139.612454154748,1,10,100,"[3, 480]"
PhysionetMI,3,eegnet,noise_1,none,30,15,0.4429211250098888,9.439999999999998e-05,PhysionetMI_3_eegnet_noise_1_none.npz,models/55a603085d09a22c/PhysionetMI/3/eegnet/manifest.json,a1a715c763f537ed494e5094494156a5aa16a4e57d4d1515bb415ef59357be7b,0.4666666666666667,0.49107142857142855,0.48214285714285715,0.6,0.25173744559288025,0.1565,0.16287672999999997,0.19361635,6139.612454154748,1,10,100,"[3, 480]"
PhysionetMI,3,eegnet,noise_1,unlabeled_rms,30,15,0.4429211250098888,0.011697266666666666,PhysionetMI_3_eegnet_noise_1_unlabeled_rms.npz,models/55a603085d09a22c/PhysionetMI/3/eegnet/manifest.json,a1a715c763f537ed494e5094494156a5aa16a4e57d4d1515bb415ef59357be7b,0.5333333333333333,0.5,0.5357142857142857,0.0,0.249191552400589,0.1565,0.16287672999999997,0.19361635,6139.612454154748,1,10,100,"[3, 480]"
PhysionetMI,3,eegnet,noise_2,none,30,15,0.4429211250098888,7.493333333333333e-05,PhysionetMI_3_eegnet_noise_2_none.npz,models/55a603085d09a22c/PhysionetMI/3/eegnet/manifest.json,a1a715c763f537ed494e5094494156a5aa16a4e57d4d1515bb415ef59357be7b,0.4666666666666667,0.5,0.5892857142857142,0.6363636363636364,0.2566382586956024,0.1565,0.16287672999999997,0.19361635,6139.612454154748,1,10,100,"[3, 480]"
PhysionetMI,3,eegnet,noise_2,unlabeled_rms,30,15,0.4429211250098888,0.010991666666666669,PhysionetMI_3_eegnet_noise_2_unlabeled_rms.npz,models/55a603085d09a22c/PhysionetMI/3/eegnet/manifest.json,a1a715c763f537ed494e5094494156a5aa16a4e57d4d1515bb415ef59357be7b,0.5333333333333333,0.5,0.5714285714285714,0.0,0.24807730317115784,0.1565,0.16287672999999997,0.19361635,6139.612454154748,1,10,100,"[3, 480]"
PhysionetMI,3,eegnet,dropout_1,none,30,15,0.4429211250098888,0.00010293333333333333,PhysionetMI_3_eegnet_dropout_1_none.npz,models/55a603085d09a22c/PhysionetMI/3/eegnet/manifest.json,a1a715c763f537ed494e5094494156a5aa16a4e57d4d1515bb415ef59357be7b,0.5333333333333333,0.5,0.5178571428571428,0.0,0.24880434572696686,0.1565,0.16287672999999997,0.19361635,6139.612454154748,1,10,100,"[3, 480]"
PhysionetMI,3,eegnet,dropout_1,unlabeled_rms,30,15,0.4429211250098888,0.010469466666666667,PhysionetMI_3_eegnet_dropout_1_unlabeled_rms.npz,models/55a603085d09a22c/PhysionetMI/3/eegnet/manifest.json,a1a715c763f537ed494e5094494156a5aa16a4e57d4d1515bb415ef59357be7b,0.5333333333333333,0.5,0.5178571428571428,0.0,0.24812433123588562,0.1565,0.16287672999999997,0.19361635,6139.612454154748,1,10,100,"[3, 480]"
PhysionetMI,3,eegnet,dropout_2,none,30,15,0.4429211250098888,7.766666666666667e-05,PhysionetMI_3_eegnet_dropout_2_none.npz,models/55a603085d09a22c/PhysionetMI/3/eegnet/manifest.json,a1a715c763f537ed494e5094494156a5aa16a4e57d4d1515bb415ef59357be7b,0.5333333333333333,0.5,0.3392857142857143,0.0,0.2499038428068161,0.1565,0.16287672999999997,0.19361635,6139.612454154748,1,10,100,"[3, 480]"
PhysionetMI,3,eegnet,dropout_2,unlabeled_rms,30,15,0.4429211250098888,0.011050066666666667,PhysionetMI_3_eegnet_dropout_2_unlabeled_rms.npz,models/55a603085d09a22c/PhysionetMI/3/eegnet/manifest.json,a1a715c763f537ed494e5094494156a5aa16a4e57d4d1515bb415ef59357be7b,0.5333333333333333,0.5,0.375,0.0,0.24975933134555817,0.1565,0.16287672999999997,0.19361635,6139.612454154748,1,10,100,"[3, 480]"
PhysionetMI,3,eegnet,amplitude_2,none,30,15,0.4429211250098888,7.213333333333333e-05,PhysionetMI_3_eegnet_amplitude_2_none.npz,models/55a603085d09a22c/PhysionetMI/3/eegnet/manifest.json,a1a715c763f537ed494e5094494156a5aa16a4e57d4d1515bb415ef59357be7b,0.4666666666666667,0.5,0.44642857142857134,0.6363636363636364,0.2639823257923126,0.1565,0.16287672999999997,0.19361635,6139.612454154748,1,10,100,"[3, 480]"
PhysionetMI,3,eegnet,amplitude_2,unlabeled_rms,30,15,0.4429211250098888,0.010711199999999999,PhysionetMI_3_eegnet_amplitude_2_unlabeled_rms.npz,models/55a603085d09a22c/PhysionetMI/3/eegnet/manifest.json,a1a715c763f537ed494e5094494156a5aa16a4e57d4d1515bb415ef59357be7b,0.5333333333333333,0.5267857142857143,0.46428571428571425,0.46153846153846156,0.2519683241844177,0.1565,0.16287672999999997,0.19361635,6139.612454154748,1,10,100,"[3, 480]"
PhysionetMI,3,eegnet,drift_2,none,30,15,0.4429211250098888,7.766666666666667e-05,PhysionetMI_3_eegnet_drift_2_none.npz,models/55a603085d09a22c/PhysionetMI/3/eegnet/manifest.json,a1a715c763f537ed494e5094494156a5aa16a4e57d4d1515bb415ef59357be7b,0.4666666666666667,0.45535714285714285,0.4464285714285714,0.3333333333333333,0.25256165862083435,0.1565,0.16287672999999997,0.19361635,6139.612454154748,1,10,100,"[3, 480]"
PhysionetMI,3,eegnet,drift_2,unlabeled_rms,30,15,0.4429211250098888,0.013186266666666667,PhysionetMI_3_eegnet_drift_2_unlabeled_rms.npz,models/55a603085d09a22c/PhysionetMI/3/eegnet/manifest.json,a1a715c763f537ed494e5094494156a5aa16a4e57d4d1515bb415ef59357be7b,0.5333333333333333,0.5267857142857143,0.46428571428571425,0.46153846153846156,0.2519693672657013,0.1565,0.16287672999999997,0.19361635,6139.612454154748,1,10,100,"[3, 480]"
PhysionetMI,3,eegnet,mixed,none,30,15,0.4429211250098888,9.166666666666668e-05,PhysionetMI_3_eegnet_mixed_none.npz,models/55a603085d09a22c/PhysionetMI/3/eegnet/manifest.json,a1a715c763f537ed494e5094494156a5aa16a4e57d4d1515bb415ef59357be7b,0.4666666666666667,0.5,0.48214285714285715,0.6363636363636364,0.27270734310150146,0.1565,0.16287672999999997,0.19361635,6139.612454154748,1,10,100,"[3, 480]"
PhysionetMI,3,eegnet,mixed,unlabeled_rms,30,15,0.4429211250098888,0.010472333333333332,PhysionetMI_3_eegnet_mixed_unlabeled_rms.npz,models/55a603085d09a22c/PhysionetMI/3/eegnet/manifest.json,a1a715c763f537ed494e5094494156a5aa16a4e57d4d1515bb415ef59357be7b,0.5333333333333333,0.5,0.5357142857142857,0.0,0.249191552400589,0.1565,0.16287672999999997,0.19361635,6139.612454154748,1,10,100,"[3, 480]"
PhysionetMI,4,bandpower_logreg,clean,none,30,15,0.001756957994075492,9.713333333333331e-05,PhysionetMI_4_bandpower_logreg_clean_none.npz,models/55a603085d09a22c/PhysionetMI/4/bandpower_logreg/manifest.json,0af490aa7e220486bc2965d615dea169c24677bd79197b9f71c9ac74201f50d3,0.6666666666666666,0.6696428571428572,0.7678571428571428,0.6666666666666666,0.19077451401084447,0.0112705,0.01107039,0.011920199999999999,90331.05428083384,1,10,100,"[3, 480]"
PhysionetMI,4,bandpower_logreg,noise_0.5,none,30,15,0.001756957994075492,0.00010253333333333332,PhysionetMI_4_bandpower_logreg_noise_0.5_none.npz,models/55a603085d09a22c/PhysionetMI/4/bandpower_logreg/manifest.json,0af490aa7e220486bc2965d615dea169c24677bd79197b9f71c9ac74201f50d3,0.7333333333333333,0.75,0.9285714285714286,0.7777777777777778,0.1866527183219576,0.0112705,0.01107039,0.011920199999999999,90331.05428083384,1,10,100,"[3, 480]"
PhysionetMI,4,bandpower_logreg,noise_0.5,unlabeled_rms,30,15,0.001756957994075492,0.010519466666666666,PhysionetMI_4_bandpower_logreg_noise_0.5_unlabeled_rms.npz,models/55a603085d09a22c/PhysionetMI/4/bandpower_logreg/manifest.json,0af490aa7e220486bc2965d615dea169c24677bd79197b9f71c9ac74201f50d3,0.7333333333333333,0.75,0.9642857142857143,0.7777777777777778,0.17475749756283687,0.0112705,0.01107039,0.011920199999999999,90331.05428083384,1,10,100,"[3, 480]"
PhysionetMI,4,bandpower_logreg,noise_1,none,30,15,0.001756957994075492,7.506666666666667e-05,PhysionetMI_4_bandpower_logreg_noise_1_none.npz,models/55a603085d09a22c/PhysionetMI/4/bandpower_logreg/manifest.json,0af490aa7e220486bc2965d615dea169c24677bd79197b9f71c9ac74201f50d3,0.5333333333333333,0.5625,0.8035714285714286,0.6666666666666666,0.26189614690190616,0.0112705,0.01107039,0.011920199999999999,90331.05428083384,1,10,100,"[3, 480]"
PhysionetMI,4,bandpower_logreg,noise_1,unlabeled_rms,30,15,0.001756957994075492,0.010227799999999999,PhysionetMI_4_bandpower_logreg_noise_1_unlabeled_rms.npz,models/55a603085d09a22c/PhysionetMI/4/bandpower_logreg/manifest.json,0af490aa7e220486bc2965d615dea169c24677bd79197b9f71c9ac74201f50d3,0.6666666666666666,0.6785714285714286,0.75,0.7058823529411765,0.21198887269007738,0.0112705,0.01107039,0.011920199999999999,90331.05428083384,1,10,100,"[3, 480]"
PhysionetMI,4,bandpower_logreg,noise_2,none,30,15,0.001756957994075492,7.219999999999999e-05,PhysionetMI_4_bandpower_logreg_noise_2_none.npz,models/55a603085d09a22c/PhysionetMI/4/bandpower_logreg/manifest.json,0af490aa7e220486bc2965d615dea169c24677bd79197b9f71c9ac74201f50d3,0.4666666666666667,0.5,0.625,0.6363636363636364,0.36496791746116497,0.0112705,0.01107039,0.011920199999999999,90331.05428083384,1,10,100,"[3, 480]"
PhysionetMI,4,bandpower_logreg,noise_2,unlabeled_rms,30,15,0.001756957994075492,0.010111066666666668,PhysionetMI_4_bandpower_logreg_noise_2_unlabeled_rms.npz,models/55a603085d09a22c/PhysionetMI/4/bandpower_logreg/manifest.json,0af490aa7e220486bc2965d615dea169c24677bd79197b9f71c9ac74201f50d3,0.4666666666666667,0.5,0.625,0.6363636363636364,0.32399091846881656,0.0112705,0.01107039,0.011920199999999999,90331.05428083384,1,10,100,"[3, 480]"
PhysionetMI,4,bandpower_logreg,dropout_1,none,30,15,0.001756957994075492,7.520000000000001e-05,PhysionetMI_4_bandpower_logreg_dropout_1_none.npz,models/55a603085d09a22c/PhysionetMI/4/bandpower_logreg/manifest.json,0af490aa7e220486bc2965d615dea169c24677bd79197b9f71c9ac74201f50d3,0.4666666666666667,0.5,0.5,0.6363636363636364,0.5333333333333333,0.0112705,0.01107039,0.011920199999999999,90331.05428083384,1,10,100,"[3, 480]"
PhysionetMI,4,bandpower_logreg,dropout_1,unlabeled_rms,30,15,0.001756957994075492,0.009325,PhysionetMI_4_bandpower_logreg_dropout_1_unlabeled_rms.npz,models/55a603085d09a22c/PhysionetMI/4/bandpower_logreg/manifest.json,0af490aa7e220486bc2965d615dea169c24677bd79197b9f71c9ac74201f50d3,0.4666666666666667,0.5,0.5,0.6363636363636364,0.5333333333333333,0.0112705,0.01107039,0.011920199999999999,90331.05428083384,1,10,100,"[3, 480]"
PhysionetMI,4,bandpower_logreg,dropout_2,none,30,15,0.001756957994075492,7.48e-05,PhysionetMI_4_bandpower_logreg_dropout_2_none.npz,models/55a603085d09a22c/PhysionetMI/4/bandpower_logreg/manifest.json,0af490aa7e220486bc2965d615dea169c24677bd79197b9f71c9ac74201f50d3,0.4666666666666667,0.5,0.5,0.6363636363636364,0.5333333333333333,0.0112705,0.01107039,0.011920199999999999,90331.05428083384,1,10,100,"[3, 480]"
PhysionetMI,4,bandpower_logreg,dropout_2,unlabeled_rms,30,15,0.001756957994075492,0.008880666666666669,PhysionetMI_4_bandpower_logreg_dropout_2_unlabeled_rms.npz,models/55a603085d09a22c/PhysionetMI/4/bandpower_logreg/manifest.json,0af490aa7e220486bc2965d615dea169c24677bd79197b9f71c9ac74201f50d3,0.4666666666666667,0.5,0.5,0.6363636363636364,0.5333333333333333,0.0112705,0.01107039,0.011920199999999999,90331.05428083384,1,10,100,"[3, 480]"
PhysionetMI,4,bandpower_logreg,amplitude_2,none,30,15,0.001756957994075492,8.06e-05,PhysionetMI_4_bandpower_logreg_amplitude_2_none.npz,models/55a603085d09a22c/PhysionetMI/4/bandpower_logreg/manifest.json,0af490aa7e220486bc2965d615dea169c24677bd79197b9f71c9ac74201f50d3,0.4,0.42857142857142855,0.7678571428571428,0.5714285714285714,0.2651435766463205,0.0112705,0.01107039,0.011920199999999999,90331.05428083384,1,10,100,"[3, 480]"
PhysionetMI,4,bandpower_logreg,amplitude_2,unlabeled_rms,30,15,0.001756957994075492,0.008839066666666668,PhysionetMI_4_bandpower_logreg_amplitude_2_unlabeled_rms.npz,models/55a603085d09a22c/PhysionetMI/4/bandpower_logreg/manifest.json,0af490aa7e220486bc2965d615dea169c24677bd79197b9f71c9ac74201f50d3,0.6666666666666666,0.6785714285714286,0.8571428571428571,0.7058823529411765,0.1912282314853196,0.0112705,0.01107039,0.011920199999999999,90331.05428083384,1,10,100,"[3, 480]"
PhysionetMI,4,bandpower_logreg,drift_2,none,30,15,0.001756957994075492,6.673333333333333e-05,PhysionetMI_4_bandpower_logreg_drift_2_none.npz,models/55a603085d09a22c/PhysionetMI/4/bandpower_logreg/manifest.json,0af490aa7e220486bc2965d615dea169c24677bd79197b9f71c9ac74201f50d3,0.6666666666666666,0.6696428571428572,0.7678571428571428,0.6666666666666666,0.1907648862006744,0.0112705,0.01107039,0.011920199999999999,90331.05428083384,1,10,100,"[3, 480]"
PhysionetMI,4,bandpower_logreg,drift_2,unlabeled_rms,30,15,0.001756957994075492,0.008883399999999998,PhysionetMI_4_bandpower_logreg_drift_2_unlabeled_rms.npz,models/55a603085d09a22c/PhysionetMI/4/bandpower_logreg/manifest.json,0af490aa7e220486bc2965d615dea169c24677bd79197b9f71c9ac74201f50d3,0.6666666666666666,0.6785714285714286,0.8571428571428571,0.7058823529411765,0.1912167085326244,0.0112705,0.01107039,0.011920199999999999,90331.05428083384,1,10,100,"[3, 480]"
PhysionetMI,4,bandpower_logreg,mixed,none,30,15,0.001756957994075492,7.219999999999999e-05,PhysionetMI_4_bandpower_logreg_mixed_none.npz,models/55a603085d09a22c/PhysionetMI/4/bandpower_logreg/manifest.json,0af490aa7e220486bc2965d615dea169c24677bd79197b9f71c9ac74201f50d3,0.4666666666666667,0.5,0.8035714285714286,0.6363636363636364,0.37104237122711514,0.0112705,0.01107039,0.011920199999999999,90331.05428083384,1,10,100,"[3, 480]"
PhysionetMI,4,bandpower_logreg,mixed,unlabeled_rms,30,15,0.001756957994075492,0.007964,PhysionetMI_4_bandpower_logreg_mixed_unlabeled_rms.npz,models/55a603085d09a22c/PhysionetMI/4/bandpower_logreg/manifest.json,0af490aa7e220486bc2965d615dea169c24677bd79197b9f71c9ac74201f50d3,0.4666666666666667,0.5,0.8392857142857143,0.6363636363636364,0.3168965635407754,0.0112705,0.01107039,0.011920199999999999,90331.05428083384,1,10,100,"[3, 480]"
PhysionetMI,4,csp_lda,clean,none,30,15,0.007380666007520631,8.606666666666665e-05,PhysionetMI_4_csp_lda_clean_none.npz,models/55a603085d09a22c/PhysionetMI/4/csp_lda/manifest.json,0f5f827bf96d70ae7e0dfe9470f6610ca4c3ef72bad7f2c657ddf44a061522e4,0.8,0.8125,0.875,0.8235294117647058,0.17486278740719072,0.025417,0.0260121,0.027285399999999998,38443.64737948878,1,10,100,"[3, 480]"
PhysionetMI,4,csp_lda,noise_0.5,none,30,15,0.007380666007520631,9.713333333333333e-05,PhysionetMI_4_csp_lda_noise_0.5_none.npz,models/55a603085d09a22c/PhysionetMI/4/csp_lda/manifest.json,0f5f827bf96d70ae7e0dfe9470f6610ca4c3ef72bad7f2c657ddf44a061522e4,0.5333333333333333,0.5,0.75,0.0,0.466551136214604,0.025417,0.0260121,0.027285399999999998,38443.64737948878,1,10,100,"[3, 480]"
PhysionetMI,4,csp_lda,noise_0.5,unlabeled_rms,30,15,0.007380666007520631,0.008613933333333332,PhysionetMI_4_csp_lda_noise_0.5_unlabeled_rms.npz,models/55a603085d09a22c/PhysionetMI/4/csp_lda/manifest.json,0f5f827bf96d70ae7e0dfe9470f6610ca4c3ef72bad7f2c657ddf44a061522e4,0.5333333333333333,0.5,0.7142857142857142,0.0,0.4661356793161584,0.025417,0.0260121,0.027285399999999998,38443.64737948878,1,10,100,"[3, 480]"
PhysionetMI,4,csp_lda,noise_1,none,30,15,0.007380666007520631,6.1000000000000005e-05,PhysionetMI_4_csp_lda_noise_1_none.npz,models/55a603085d09a22c/PhysionetMI/4/csp_lda/manifest.json,0f5f827bf96d70ae7e0dfe9470f6610ca4c3ef72bad7f2c657ddf44a061522e4,0.5333333333333333,0.5,0.6964285714285714,0.0,0.466666579427289,0.025417,0.0260121,0.027285399999999998,38443.64737948878,1,10,100,"[3, 480]"
PhysionetMI,4,csp_lda,noise_1,unlabeled_rms,30,15,0.007380666007520631,0.008147333333333333,PhysionetMI_4_csp_lda_noise_1_unlabeled_rms.npz,models/55a603085d09a22c/PhysionetMI/4/csp_lda/manifest.json,0f5f827bf96d70ae7e0dfe9470f6610ca4c3ef72bad7f2c657ddf44a061522e4,0.5333333333333333,0.5,0.6428571428571428,0.0,0.4666220792823263,0.025417,0.0260121,0.027285399999999998,38443.64737948878,1,10,100,"[3, 480]"
PhysionetMI,4,csp_lda,noise_2,none,30,15,0.007380666007520631,6.680000000000001e-05,PhysionetMI_4_csp_lda_noise_2_none.npz,models/55a603085d09a22c/PhysionetMI/4/csp_lda/manifest.json,0f5f827bf96d70ae7e0dfe9470f6610ca4c3ef72bad7f2c657ddf44a061522e4,0.5333333333333333,0.5,0.6607142857142857,0.0,0.4666666666141492,0.025417,0.0260121,0.027285399999999998,38443.64737948878,1,10,100,"[3, 480]"
PhysionetMI,4,csp_lda,noise_2,unlabeled_rms,30,15,0.007380666007520631,0.008044400000000002,PhysionetMI_4_csp_lda_noise_2_unlabeled_rms.npz,models/55a603085d09a22c/PhysionetMI/4/csp_lda/manifest.json,0f5f827bf96d70ae7e0dfe9470f6610ca4c3ef72bad7f2c657ddf44a061522e4,0.5333333333333333,0.5,0.6607142857142857,0.0,0.46663961164150203,0.025417,0.0260121,0.027285399999999998,38443.64737948878,1,10,100,"[3, 480]"
PhysionetMI,4,csp_lda,dropout_1,none,30,15,0.007380666007520631,6.113333333333333e-05,PhysionetMI_4_csp_lda_dropout_1_none.npz,models/55a603085d09a22c/PhysionetMI/4/csp_lda/manifest.json,0f5f827bf96d70ae7e0dfe9470f6610ca4c3ef72bad7f2c657ddf44a061522e4,0.5333333333333333,0.5,0.6071428571428571,0.0,0.44863935885810274,0.025417,0.0260121,0.027285399999999998,38443.64737948878,1,10,100,"[3, 480]"
PhysionetMI,4,csp_lda,dropout_1,unlabeled_rms,30,15,0.007380666007520631,0.0084612,PhysionetMI_4_csp_lda_dropout_1_unlabeled_rms.npz,models/55a603085d09a22c/PhysionetMI/4/csp_lda/manifest.json,0f5f827bf96d70ae7e0dfe9470f6610ca4c3ef72bad7f2c657ddf44a061522e4,0.5333333333333333,0.5,0.5892857142857143,0.0,0.4630914096558675,0.025417,0.0260121,0.027285399999999998,38443.64737948878,1,10,100,"[3, 480]"
PhysionetMI,4,csp_lda,dropout_2,none,30,15,0.007380666007520631,5.0066666666666666e-05,PhysionetMI_4_csp_lda_dropout_2_none.npz,models/55a603085d09a22c/PhysionetMI/4/csp_lda/manifest.json,0f5f827bf96d70ae7e0dfe9470f6610ca4c3ef72bad7f2c657ddf44a061522e4,0.5333333333333333,0.5,0.5535714285714286,0.0,0.4656531061159798,0.025417,0.0260121,0.027285399999999998,38443.64737948878,1,10,100,"[3, 480]"
PhysionetMI,4,csp_lda,dropout_2,unlabeled_rms,30,15,0.007380666007520631,0.008144533333333336,PhysionetMI_4_csp_lda_dropout_2_unlabeled_rms.npz,models/55a603085d09a22c/PhysionetMI/4/csp_lda/manifest.json,0f5f827bf96d70ae7e0dfe9470f6610ca4c3ef72bad7f2c657ddf44a061522e4,0.5333333333333333,0.5,0.5178571428571428,0.0,0.4664927995525197,0.025417,0.0260121,0.027285399999999998,38443.64737948878,1,10,100,"[3, 480]"
PhysionetMI,4,csp_lda,amplitude_2,none,30,15,0.007380666007520631,6.380000000000002e-05,PhysionetMI_4_csp_lda_amplitude_2_none.npz,models/55a603085d09a22c/PhysionetMI/4/csp_lda/manifest.json,0f5f827bf96d70ae7e0dfe9470f6610ca4c3ef72bad7f2c657ddf44a061522e4,0.5333333333333333,0.5,0.875,0.0,0.46080669764388815,0.025417,0.0260121,0.027285399999999998,38443.64737948878,1,10,100,"[3, 480]"
PhysionetMI,4,csp_lda,amplitude_2,unlabeled_rms,30,15,0.007380666007520631,0.008269400000000001,PhysionetMI_4_csp_lda_amplitude_2_unlabeled_rms.npz,models/55a603085d09a22c/PhysionetMI/4/csp_lda/manifest.json,0f5f827bf96d70ae7e0dfe9470f6610ca4c3ef72bad7f2c657ddf44a061522e4,0.6666666666666666,0.6607142857142857,0.8571428571428572,0.6153846153846154,0.1726227917360653,0.025417,0.0260121,0.027285399999999998,38443.64737948878,1,10,100,"[3, 480]"
PhysionetMI,4,csp_lda,drift_2,none,30,15,0.007380666007520631,6.120000000000001e-05,PhysionetMI_4_csp_lda_drift_2_none.npz,models/55a603085d09a22c/PhysionetMI/4/csp_lda/manifest.json,0f5f827bf96d70ae7e0dfe9470f6610ca4c3ef72bad7f2c657ddf44a061522e4,0.8,0.8125,0.875,0.8235294117647058,0.17485247052092984,0.025417,0.0260121,0.027285399999999998,38443.64737948878,1,10,100,"[3, 480]"
PhysionetMI,4,csp_lda,drift_2,unlabeled_rms,30,15,0.007380666007520631,0.008402733333333332,PhysionetMI_4_csp_lda_drift_2_unlabeled_rms.npz,models/55a603085d09a22c/PhysionetMI/4/csp_lda/manifest.json,0f5f827bf96d70ae7e0dfe9470f6610ca4c3ef72bad7f2c657ddf44a061522e4,0.6666666666666666,0.6607142857142857,0.8571428571428572,0.6153846153846154,0.17261168914360184,0.025417,0.0260121,0.027285399999999998,38443.64737948878,1,10,100,"[3, 480]"
PhysionetMI,4,csp_lda,mixed,none,30,15,0.007380666007520631,5.8200000000000005e-05,PhysionetMI_4_csp_lda_mixed_none.npz,models/55a603085d09a22c/PhysionetMI/4/csp_lda/manifest.json,0f5f827bf96d70ae7e0dfe9470f6610ca4c3ef72bad7f2c657ddf44a061522e4,0.5333333333333333,0.5,0.6964285714285714,0.0,0.4666666666167253,0.025417,0.0260121,0.027285399999999998,38443.64737948878,1,10,100,"[3, 480]"
PhysionetMI,4,csp_lda,mixed,unlabeled_rms,30,15,0.007380666007520631,0.008088733333333336,PhysionetMI_4_csp_lda_mixed_unlabeled_rms.npz,models/55a603085d09a22c/PhysionetMI/4/csp_lda/manifest.json,0f5f827bf96d70ae7e0dfe9470f6610ca4c3ef72bad7f2c657ddf44a061522e4,0.5333333333333333,0.5,0.6607142857142857,0.0,0.46658658915845436,0.025417,0.0260121,0.027285399999999998,38443.64737948878,1,10,100,"[3, 480]"
PhysionetMI,4,eegnet,clean,none,30,15,0.19897620799019933,8.059999999999998e-05,PhysionetMI_4_eegnet_clean_none.npz,models/55a603085d09a22c/PhysionetMI/4/eegnet/manifest.json,9429eeaf25ffd1c32422c4d7309ed9fd5441fef4224edc8e143b178fbe7dcec3,0.4666666666666667,0.5,0.4107142857142857,0.6363636363636364,0.2506140470504761,0.15797899999999998,0.160225,0.17018155000000001,6241.223279762833,1,10,100,"[3, 480]"
PhysionetMI,4,eegnet,noise_0.5,none,30,15,0.19897620799019933,7.786666666666667e-05,PhysionetMI_4_eegnet_noise_0.5_none.npz,models/55a603085d09a22c/PhysionetMI/4/eegnet/manifest.json,9429eeaf25ffd1c32422c4d7309ed9fd5441fef4224edc8e143b178fbe7dcec3,0.4666666666666667,0.5,0.5714285714285714,0.6363636363636364,0.25055408477783203,0.15797899999999998,0.160225,0.17018155000000001,6241.223279762833,1,10,100,"[3, 480]"
PhysionetMI,4,eegnet,noise_0.5,unlabeled_rms,30,15,0.19897620799019933,0.010469533333333333,PhysionetMI_4_eegnet_noise_0.5_unlabeled_rms.npz,models/55a603085d09a22c/PhysionetMI/4/eegnet/manifest.json,9429eeaf25ffd1c32422c4d7309ed9fd5441fef4224edc8e143b178fbe7dcec3,0.4666666666666667,0.5,0.5535714285714286,0.6363636363636364,0.25037744641304016,0.15797899999999998,0.160225,0.17018155000000001,6241.223279762833,1,10,100,"[3, 480]"
PhysionetMI,4,eegnet,noise_1,none,30,15,0.19897620799019933,7.506666666666667e-05,PhysionetMI_4_eegnet_noise_1_none.npz,models/55a603085d09a22c/PhysionetMI/4/eegnet/manifest.json,9429eeaf25ffd1c32422c4d7309ed9fd5441fef4224edc8e143b178fbe7dcec3,0.4666666666666667,0.5,0.5357142857142857,0.6363636363636364,0.25075551867485046,0.15797899999999998,0.160225,0.17018155000000001,6241.223279762833,1,10,100,"[3, 480]"
PhysionetMI,4,eegnet,noise_1,unlabeled_rms,30,15,0.19897620799019933,0.010524866666666667,PhysionetMI_4_eegnet_noise_1_unlabeled_rms.npz,models/55a603085d09a22c/PhysionetMI/4/eegnet/manifest.json,9429eeaf25ffd1c32422c4d7309ed9fd5441fef4224edc8e143b178fbe7dcec3,0.4666666666666667,0.5,0.6607142857142857,0.6363636363636364,0.2501758933067322,0.15797899999999998,0.160225,0.17018155000000001,6241.223279762833,1,10,100,"[3, 480]"
PhysionetMI,4,eegnet,noise_2,none,30,15,0.19897620799019933,7.493333333333333e-05,PhysionetMI_4_eegnet_noise_2_none.npz,models/55a603085d09a22c/PhysionetMI/4/eegnet/manifest.json,9429eeaf25ffd1c32422c4d7309ed9fd5441fef4224edc8e143b178fbe7dcec3,0.4666666666666667,0.5,0.5178571428571428,0.6363636363636364,0.2519506812095642,0.15797899999999998,0.160225,0.17018155000000001,6241.223279762833,1,10,100,"[3, 480]"
PhysionetMI,4,eegnet,noise_2,unlabeled_rms,30,15,0.19897620799019933,0.010635933333333335,PhysionetMI_4_eegnet_noise_2_unlabeled_rms.npz,models/55a603085d09a22c/PhysionetMI/4/eegnet/manifest.json,9429eeaf25ffd1c32422c4d7309ed9fd5441fef4224edc8e143b178fbe7dcec3,0.4666666666666667,0.5,0.6964285714285714,0.6363636363636364,0.25000080466270447,0.15797899999999998,0.160225,0.17018155000000001,6241.223279762833,1,10,100,"[3, 480]"
PhysionetMI,4,eegnet,dropout_1,none,30,15,0.19897620799019933,5.5666666666666674e-05,PhysionetMI_4_eegnet_dropout_1_none.npz,models/55a603085d09a22c/PhysionetMI/4/eegnet/manifest.json,9429eeaf25ffd1c32422c4d7309ed9fd5441fef4224edc8e143b178fbe7dcec3,0.4666666666666667,0.5,0.30357142857142855,0.6363636363636364,0.25051891803741455,0.15797899999999998,0.160225,0.17018155000000001,6241.223279762833,1,10,100,"[3, 480]"
PhysionetMI,4,eegnet,dropout_1,unlabeled_rms,30,15,0.19897620799019933,0.0104334,PhysionetMI_4_eegnet_dropout_1_unlabeled_rms.npz,models/55a603085d09a22c/PhysionetMI/4/eegnet/manifest.json,9429eeaf25ffd1c32422c4d7309ed9fd5441fef4224edc8e143b178fbe7dcec3,0.4666666666666667,0.5,0.3571428571428571,0.6363636363636364,0.25056540966033936,0.15797899999999998,0.160225,0.17018155000000001,6241.223279762833,1,10,100,"[3, 480]"
PhysionetMI,4,eegnet,dropout_2,none,30,15,0.19897620799019933,8.046666666666667e-05,PhysionetMI_4_eegnet_dropout_2_none.npz,models/55a603085d09a22c/PhysionetMI/4/eegnet/manifest.json,9429eeaf25ffd1c32422c4d7309ed9fd5441fef4224edc8e143b178fbe7dcec3,0.4666666666666667,0.5,0.33928571428571425,0.6363636363636364,0.250329852104187,0.15797899999999998,0.160225,0.17018155000000001,6241.223279762833,1,10,100,"[3, 480]"
PhysionetMI,4,eegnet,dropout_2,unlabeled_rms,30,15,0.19897620799019933,0.010822333333333331,PhysionetMI_4_eegnet_dropout_2_unlabeled_rms.npz,models/55a603085d09a22c/PhysionetMI/4/eegnet/manifest.json,9429eeaf25ffd1c32422c4d7309ed9fd5441fef4224edc8e143b178fbe7dcec3,0.4666666666666667,0.5,0.3571428571428571,0.6363636363636364,0.2503427565097809,0.15797899999999998,0.160225,0.17018155000000001,6241.223279762833,1,10,100,"[3, 480]"
PhysionetMI,4,eegnet,amplitude_2,none,30,15,0.19897620799019933,7.493333333333333e-05,PhysionetMI_4_eegnet_amplitude_2_none.npz,models/55a603085d09a22c/PhysionetMI/4/eegnet/manifest.json,9429eeaf25ffd1c32422c4d7309ed9fd5441fef4224edc8e143b178fbe7dcec3,0.4666666666666667,0.5,0.42857142857142855,0.6363636363636364,0.25119003653526306,0.15797899999999998,0.160225,0.17018155000000001,6241.223279762833,1,10,100,"[3, 480]"
PhysionetMI,4,eegnet,amplitude_2,unlabeled_rms,30,15,0.19897620799019933,0.010038866666666665,PhysionetMI_4_eegnet_amplitude_2_unlabeled_rms.npz,models/55a603085d09a22c/PhysionetMI/4/eegnet/manifest.json,9429eeaf25ffd1c32422c4d7309ed9fd5441fef4224edc8e143b178fbe7dcec3,0.4666666666666667,0.5,0.4642857142857143,0.6363636363636364,0.2506687343120575,0.15797899999999998,0.160225,0.17018155000000001,6241.223279762833,1,10,100,"[3, 480]"
PhysionetMI,4,eegnet,drift_2,none,30,15,0.19897620799019933,6.666666666666668e-05,PhysionetMI_4_eegnet_drift_2_none.npz,models/55a603085d09a22c/PhysionetMI/4/eegnet/manifest.json,9429eeaf25ffd1c32422c4d7309ed9fd5441fef4224edc8e143b178fbe7dcec3,0.4666666666666667,0.5,0.4107142857142857,0.6363636363636364,0.2506139576435089,0.15797899999999998,0.160225,0.17018155000000001,6241.223279762833,1,10,100,"[3, 480]"
PhysionetMI,4,eegnet,drift_2,unlabeled_rms,30,15,0.19897620799019933,0.010091733333333332,PhysionetMI_4_eegnet_drift_2_unlabeled_rms.npz,models/55a603085d09a22c/PhysionetMI/4/eegnet/manifest.json,9429eeaf25ffd1c32422c4d7309ed9fd5441fef4224edc8e143b178fbe7dcec3,0.4666666666666667,0.5,0.4642857142857143,0.6363636363636364,0.25066858530044556,0.15797899999999998,0.160225,0.17018155000000001,6241.223279762833,1,10,100,"[3, 480]"
PhysionetMI,4,eegnet,mixed,none,30,15,0.19897620799019933,6.96e-05,PhysionetMI_4_eegnet_mixed_none.npz,models/55a603085d09a22c/PhysionetMI/4/eegnet/manifest.json,9429eeaf25ffd1c32422c4d7309ed9fd5441fef4224edc8e143b178fbe7dcec3,0.4666666666666667,0.5,0.42857142857142855,0.6363636363636364,0.25339385867118835,0.15797899999999998,0.160225,0.17018155000000001,6241.223279762833,1,10,100,"[3, 480]"
PhysionetMI,4,eegnet,mixed,unlabeled_rms,30,15,0.19897620799019933,0.010291600000000001,PhysionetMI_4_eegnet_mixed_unlabeled_rms.npz,models/55a603085d09a22c/PhysionetMI/4/eegnet/manifest.json,9429eeaf25ffd1c32422c4d7309ed9fd5441fef4224edc8e143b178fbe7dcec3,0.4666666666666667,0.5,0.6607142857142857,0.6363636363636364,0.25016576051712036,0.15797899999999998,0.160225,0.17018155000000001,6241.223279762833,1,10,100,"[3, 480]"
PhysionetMI,5,bandpower_logreg,clean,none,30,15,0.0017462910036556423,0.00011386666666666667,PhysionetMI_5_bandpower_logreg_clean_none.npz,models/55a603085d09a22c/PhysionetMI/5/bandpower_logreg/manifest.json,910ea9f0fdb5e6db65e301126af51d5618d9e92c51865bc70a78ac6e715f2bfa,0.5333333333333333,0.5446428571428572,0.35714285714285715,0.46153846153846156,0.2803304517874584,0.010417,0.01051035,0.011042,95144.31013239331,1,10,100,"[3, 480]"
PhysionetMI,5,bandpower_logreg,noise_0.5,none,30,15,0.0017462910036556423,9.719999999999999e-05,PhysionetMI_5_bandpower_logreg_noise_0.5_none.npz,models/55a603085d09a22c/PhysionetMI/5/bandpower_logreg/manifest.json,910ea9f0fdb5e6db65e301126af51d5618d9e92c51865bc70a78ac6e715f2bfa,0.4666666666666667,0.5,0.5357142857142857,0.0,0.29166859591958433,0.010417,0.01051035,0.011042,95144.31013239331,1,10,100,"[3, 480]"
PhysionetMI,5,bandpower_logreg,noise_0.5,unlabeled_rms,30,15,0.0017462910036556423,0.010650066666666668,PhysionetMI_5_bandpower_logreg_noise_0.5_unlabeled_rms.npz,models/55a603085d09a22c/PhysionetMI/5/bandpower_logreg/manifest.json,910ea9f0fdb5e6db65e301126af51d5618d9e92c51865bc70a78ac6e715f2bfa,0.4666666666666667,0.4642857142857143,0.5178571428571429,0.5,0.24642699515038224,0.010417,0.01051035,0.011042,95144.31013239331,1,10,100,"[3, 480]"
PhysionetMI,5,bandpower_logreg,noise_1,none,30,15,0.0017462910036556423,8.333333333333333e-05,PhysionetMI_5_bandpower_logreg_noise_1_none.npz,models/55a603085d09a22c/PhysionetMI/5/bandpower_logreg/manifest.json,910ea9f0fdb5e6db65e301126af51d5618d9e92c51865bc70a78ac6e715f2bfa,0.4666666666666667,0.5,0.5714285714285714,0.0,0.36237997227628055,0.010417,0.01051035,0.011042,95144.31013239331,1,10,100,"[3, 480]"
PhysionetMI,5,bandpower_logreg,noise_1,unlabeled_rms,30,15,0.0017462910036556423,0.0096138,PhysionetMI_5_bandpower_logreg_noise_1_unlabeled_rms.npz,models/55a603085d09a22c/PhysionetMI/5/bandpower_logreg/manifest.json,910ea9f0fdb5e6db65e301126af51d5618d9e92c51865bc70a78ac6e715f2bfa,0.5333333333333333,0.5267857142857143,0.6428571428571429,0.5882352941176471,0.24000815311948878,0.010417,0.01051035,0.011042,95144.31013239331,1,10,100,"[3, 480]"
PhysionetMI,5,bandpower_logreg,noise_2,none,30,15,0.0017462910036556423,7.5e-05,PhysionetMI_5_bandpower_logreg_noise_2_none.npz,models/55a603085d09a22c/PhysionetMI/5/bandpower_logreg/manifest.json,910ea9f0fdb5e6db65e301126af51d5618d9e92c51865bc70a78ac6e715f2bfa,0.4666666666666667,0.5,0.6071428571428572,0.0,0.45097628109842147,0.010417,0.01051035,0.011042,95144.31013239331,1,10,100,"[3, 480]"
PhysionetMI,5,bandpower_logreg,noise_2,unlabeled_rms,30,15,0.0017462910036556423,0.0094778,PhysionetMI_5_bandpower_logreg_noise_2_unlabeled_rms.npz,models/55a603085d09a22c/PhysionetMI/5/bandpower_logreg/manifest.json,910ea9f0fdb5e6db65e301126af51d5618d9e92c51865bc70a78ac6e715f2bfa,0.6,0.6160714285714286,0.6071428571428572,0.5,0.24592394097598091,0.010417,0.01051035,0.011042,95144.31013239331,1,10,100,"[3, 480]"
PhysionetMI,5,bandpower_logreg,dropout_1,none,30,15,0.0017462910036556423,9.159999999999998e-05,PhysionetMI_5_bandpower_logreg_dropout_1_none.npz,models/55a603085d09a22c/PhysionetMI/5/bandpower_logreg/manifest.json,910ea9f0fdb5e6db65e301126af51d5618d9e92c51865bc70a78ac6e715f2bfa,0.5333333333333333,0.5,0.37499999999999994,0.6956521739130435,0.4666666666093788,0.010417,0.01051035,0.011042,95144.31013239331,1,10,100,"[3, 480]"
PhysionetMI,5,bandpower_logreg,dropout_1,unlabeled_rms,30,15,0.0017462910036556423,0.009572266666666666,PhysionetMI_5_bandpower_logreg_dropout_1_unlabeled_rms.npz,models/55a603085d09a22c/PhysionetMI/5/bandpower_logreg/manifest.json,910ea9f0fdb5e6db65e301126af51d5618d9e92c51865bc70a78ac6e715f2bfa,0.5333333333333333,0.5,0.37499999999999994,0.6956521739130435,0.46666666661652756,0.010417,0.01051035,0.011042,95144.31013239331,1,10,100,"[3, 480]"
PhysionetMI,5,bandpower_logreg,dropout_2,none,30,15,0.0017462910036556423,9.166666666666664e-05,PhysionetMI_5_bandpower_logreg_dropout_2_none.npz,models/55a603085d09a22c/PhysionetMI/5/bandpower_logreg/manifest.json,910ea9f0fdb5e6db65e301126af51d5618d9e92c51865bc70a78ac6e715f2bfa,0.4666666666666667,0.5,0.4285714285714286,0.0,0.5333333333333333,0.010417,0.01051035,0.011042,95144.31013239331,1,10,100,"[3, 480]"
PhysionetMI,5,bandpower_logreg,dropout_2,unlabeled_rms,30,15,0.0017462910036556423,0.009083533333333334,PhysionetMI_5_bandpower_logreg_dropout_2_unlabeled_rms.npz,models/55a603085d09a22c/PhysionetMI/5/bandpower_logreg/manifest.json,910ea9f0fdb5e6db65e301126af51d5618d9e92c51865bc70a78ac6e715f2bfa,0.4666666666666667,0.5,0.4642857142857143,0.0,0.5333333333333333,0.010417,0.01051035,0.011042,95144.31013239331,1,10,100,"[3, 480]"
PhysionetMI,5,bandpower_logreg,amplitude_2,none,30,15,0.0017462910036556423,6.966666666666668e-05,PhysionetMI_5_bandpower_logreg_amplitude_2_none.npz,models/55a603085d09a22c/PhysionetMI/5/bandpower_logreg/manifest.json,910ea9f0fdb5e6db65e301126af51d5618d9e92c51865bc70a78ac6e715f2bfa,0.4666666666666667,0.5,0.35714285714285715,0.0,0.3569158338080765,0.010417,0.01051035,0.011042,95144.31013239331,1,10,100,"[3, 480]"
PhysionetMI,5,bandpower_logreg,amplitude_2,unlabeled_rms,30,15,0.0017462910036556423,0.0089526,PhysionetMI_5_bandpower_logreg_amplitude_2_unlabeled_rms.npz,models/55a603085d09a22c/PhysionetMI/5/bandpower_logreg/manifest.json,910ea9f0fdb5e6db65e301126af51d5618d9e92c51865bc70a78ac6e715f2bfa,0.3333333333333333,0.3214285714285714,0.3928571428571428,0.4444444444444444,0.268136562525778,0.010417,0.01051035,0.011042,95144.31013239331,1,10,100,"[3, 480]"
PhysionetMI,5,bandpower_logreg,drift_2,none,30,15,0.0017462910036556423,7.213333333333334e-05,PhysionetMI_5_bandpower_logreg_drift_2_none.npz,models/55a603085d09a22c/PhysionetMI/5/bandpower_logreg/manifest.json,910ea9f0fdb5e6db65e301126af51d5618d9e92c51865bc70a78ac6e715f2bfa,0.5333333333333333,0.5446428571428572,0.35714285714285715,0.46153846153846156,0.28031909724444837,0.010417,0.01051035,0.011042,95144.31013239331,1,10,100,"[3, 480]"
PhysionetMI,5,bandpower_logreg,drift_2,unlabeled_rms,30,15,0.0017462910036556423,0.009025066666666666,PhysionetMI_5_bandpower_logreg_drift_2_unlabeled_rms.npz,models/55a603085d09a22c/PhysionetMI/5/bandpower_logreg/manifest.json,910ea9f0fdb5e6db65e301126af51d5618d9e92c51865bc70a78ac6e715f2bfa,0.3333333333333333,0.3214285714285714,0.3928571428571428,0.4444444444444444,0.26812403307669447,0.010417,0.01051035,0.011042,95144.31013239331,1,10,100,"[3, 480]"
PhysionetMI,5,bandpower_logreg,mixed,none,30,15,0.0017462910036556423,5.5733333333333344e-05,PhysionetMI_5_bandpower_logreg_mixed_none.npz,models/55a603085d09a22c/PhysionetMI/5/bandpower_logreg/manifest.json,910ea9f0fdb5e6db65e301126af51d5618d9e92c51865bc70a78ac6e715f2bfa,0.4666666666666667,0.5,0.5714285714285714,0.0,0.46244165422936906,0.010417,0.01051035,0.011042,95144.31013239331,1,10,100,"[3, 480]"
PhysionetMI,5,bandpower_logreg,mixed,unlabeled_rms,30,15,0.0017462910036556423,0.008086,PhysionetMI_5_bandpower_logreg_mixed_unlabeled_rms.npz,models/55a603085d09a22c/PhysionetMI/5/bandpower_logreg/manifest.json,910ea9f0fdb5e6db65e301126af51d5618d9e92c51865bc70a78ac6e715f2bfa,0.4666666666666667,0.5,0.5714285714285714,0.0,0.2548003679551836,0.010417,0.01051035,0.011042,95144.31013239331,1,10,100,"[3, 480]"
PhysionetMI,5,csp_lda,clean,none,30,15,0.004534290987066925,6.94e-05,PhysionetMI_5_csp_lda_clean_none.npz,models/55a603085d09a22c/PhysionetMI/5/csp_lda/manifest.json,bba72c67fff1c248a9d06b65b5e9ea61ce9020ae2af0a759abce71a68b141d9d,0.4666666666666667,0.4732142857142857,0.5,0.42857142857142855,0.3220921823617734,0.0095,0.009611199999999999,0.010125,104045.28050607626,1,10,100,"[3, 480]"
PhysionetMI,5,csp_lda,noise_0.5,none,30,15,0.004534290987066925,6.393333333333335e-05,PhysionetMI_5_csp_lda_noise_0.5_none.npz,models/55a603085d09a22c/PhysionetMI/5/csp_lda/manifest.json,bba72c67fff1c248a9d06b65b5e9ea61ce9020ae2af0a759abce71a68b141d9d,0.4666666666666667,0.5,0.5178571428571429,0.0,0.5308554076963632,0.0095,0.009611199999999999,0.010125,104045.28050607626,1,10,100,"[3, 480]"
PhysionetMI,5,csp_lda,noise_0.5,unlabeled_rms,30,15,0.004534290987066925,0.008391666666666667,PhysionetMI_5_csp_lda_noise_0.5_unlabeled_rms.npz,models/55a603085d09a22c/PhysionetMI/5/csp_lda/manifest.json,bba72c67fff1c248a9d06b65b5e9ea61ce9020ae2af0a759abce71a68b141d9d,0.4666666666666667,0.5,0.5357142857142857,0.0,0.5100622586170934,0.0095,0.009611199999999999,0.010125,104045.28050607626,1,10,100,"[3, 480]"
PhysionetMI,5,csp_lda,noise_1,none,30,15,0.004534290987066925,6.120000000000001e-05,PhysionetMI_5_csp_lda_noise_1_none.npz,models/55a603085d09a22c/PhysionetMI/5/csp_lda/manifest.json,bba72c67fff1c248a9d06b65b5e9ea61ce9020ae2af0a759abce71a68b141d9d,0.4666666666666667,0.5,0.5892857142857143,0.0,0.533156880450456,0.0095,0.009611199999999999,0.010125,104045.28050607626,1,10,100,"[3, 480]"
PhysionetMI,5,csp_lda,noise_1,unlabeled_rms,30,15,0.004534290987066925,0.008138933333333332,PhysionetMI_5_csp_lda_noise_1_unlabeled_rms.npz,models/55a603085d09a22c/PhysionetMI/5/csp_lda/manifest.json,bba72c67fff1c248a9d06b65b5e9ea61ce9020ae2af0a759abce71a68b141d9d,0.4666666666666667,0.5,0.5714285714285714,0.0,0.5197952714500101,0.0095,0.009611199999999999,0.010125,104045.28050607626,1,10,100,"[3, 480]"
PhysionetMI,5,csp_lda,noise_2,none,30,15,0.004534290987066925,6.653333333333334e-05,PhysionetMI_5_csp_lda_noise_2_none.npz,models/55a603085d09a22c/PhysionetMI/5/csp_lda/manifest.json,bba72c67fff1c248a9d06b65b5e9ea61ce9020ae2af0a759abce71a68b141d9d,0.4666666666666667,0.5,0.5892857142857143,0.0,0.5333229364540962,0.0095,0.009611199999999999,0.010125,104045.28050607626,1,10,100,"[3, 480]"
PhysionetMI,5,csp_lda,noise_2,unlabeled_rms,30,15,0.004534290987066925,0.008039066666666667,PhysionetMI_5_csp_lda_noise_2_unlabeled_rms.npz,models/55a603085d09a22c/PhysionetMI/5/csp_lda/manifest.json,bba72c67fff1c248a9d06b65b5e9ea61ce9020ae2af0a759abce71a68b141d9d,0.4666666666666667,0.5,0.5892857142857143,0.0,0.5295125139598951,0.0095,0.009611199999999999,0.010125,104045.28050607626,1,10,100,"[3, 480]"
PhysionetMI,5,csp_lda,dropout_1,none,30,15,0.004534290987066925,5.853333333333335e-05,PhysionetMI_5_csp_lda_dropout_1_none.npz,models/55a603085d09a22c/PhysionetMI/5/csp_lda/manifest.json,bba72c67fff1c248a9d06b65b5e9ea61ce9020ae2af0a759abce71a68b141d9d,0.4,0.375,0.3392857142857143,0.5714285714285714,0.3849025554786559,0.0095,0.009611199999999999,0.010125,104045.28050607626,1,10,100,"[3, 480]"
PhysionetMI,5,csp_lda,dropout_1,unlabeled_rms,30,15,0.004534290987066925,0.008369466666666667,PhysionetMI_5_csp_lda_dropout_1_unlabeled_rms.npz,models/55a603085d09a22c/PhysionetMI/5/csp_lda/manifest.json,bba72c67fff1c248a9d06b65b5e9ea61ce9020ae2af0a759abce71a68b141d9d,0.4666666666666667,0.4375,0.3392857142857143,0.6363636363636364,0.39391937836664054,0.0095,0.009611199999999999,0.010125,104045.28050607626,1,10,100,"[3, 480]"
PhysionetMI,5,csp_lda,dropout_2,none,30,15,0.004534290987066925,6.666666666666667e-05,PhysionetMI_5_csp_lda_dropout_2_none.npz,models/55a603085d09a22c/PhysionetMI/5/csp_lda/manifest.json,bba72c67fff1c248a9d06b65b5e9ea61ce9020ae2af0a759abce71a68b141d9d,0.4666666666666667,0.5,0.4285714285714286,0.0,0.5331545561763421,0.0095,0.009611199999999999,0.010125,104045.28050607626,1,10,100,"[3, 480]"
PhysionetMI,5,csp_lda,dropout_2,unlabeled_rms,30,15,0.004534290987066925,0.008105733333333335,PhysionetMI_5_csp_lda_dropout_2_unlabeled_rms.npz,models/55a603085d09a22c/PhysionetMI/5/csp_lda/manifest.json,bba72c67fff1c248a9d06b65b5e9ea61ce9020ae2af0a759abce71a68b141d9d,0.4666666666666667,0.5,0.4642857142857143,0.0,0.5330097284644905,0.0095,0.009611199999999999,0.010125,104045.28050607626,1,10,100,"[3, 480]"
PhysionetMI,5,csp_lda,amplitude_2,none,30,15,0.004534290987066925,7.226666666666666e-05,PhysionetMI_5_csp_lda_amplitude_2_none.npz,models/55a603085d09a22c/PhysionetMI/5/csp_lda/manifest.json,bba72c67fff1c248a9d06b65b5e9ea61ce9020ae2af0a759abce71a68b141d9d,0.4666666666666667,0.5,0.5,0.0,0.4837224284436778,0.0095,0.009611199999999999,0.010125,104045.28050607626,1,10,100,"[3, 480]"
PhysionetMI,5,csp_lda,amplitude_2,unlabeled_rms,30,15,0.004534290987066925,0.008955666666666666,PhysionetMI_5_csp_lda_amplitude_2_unlabeled_rms.npz,models/55a603085d09a22c/PhysionetMI/5/csp_lda/manifest.json,bba72c67fff1c248a9d06b65b5e9ea61ce9020ae2af0a759abce71a68b141d9d,0.4666666666666667,0.4642857142857143,0.5357142857142857,0.5,0.30606933937051545,0.0095,0.009611199999999999,0.010125,104045.28050607626,1,10,100,"[3, 480]"
PhysionetMI,5,csp_lda,drift_2,none,30,15,0.004534290987066925,7.506666666666667e-05,PhysionetMI_5_csp_lda_drift_2_none.npz,models/55a603085d09a22c/PhysionetMI/5/csp_lda/manifest.json,bba72c67fff1c248a9d06b65b5e9ea61ce9020ae2af0a759abce71a68b141d9d,0.4666666666666667,0.4732142857142857,0.5,0.42857142857142855,0.3220819436452616,0.0095,0.009611199999999999,0.010125,104045.28050607626,1,10,100,"[3, 480]"
PhysionetMI,5,csp_lda,drift_2,unlabeled_rms,30,15,0.004534290987066925,0.008141800000000001,PhysionetMI_5_csp_lda_drift_2_unlabeled_rms.npz,models/55a603085d09a22c/PhysionetMI/5/csp_lda/manifest.json,bba72c67fff1c248a9d06b65b5e9ea61ce9020ae2af0a759abce71a68b141d9d,0.4666666666666667,0.4642857142857143,0.5357142857142857,0.5,0.3060507604721326,0.0095,0.009611199999999999,0.010125,104045.28050607626,1,10,100,"[3, 480]"
PhysionetMI,5,csp_lda,mixed,none,30,15,0.004534290987066925,6.673333333333333e-05,PhysionetMI_5_csp_lda_mixed_none.npz,models/55a603085d09a22c/PhysionetMI/5/csp_lda/manifest.json,bba72c67fff1c248a9d06b65b5e9ea61ce9020ae2af0a759abce71a68b141d9d,0.4666666666666667,0.5,0.5892857142857143,0.0,0.533324160301878,0.0095,0.009611199999999999,0.010125,104045.28050607626,1,10,100,"[3, 480]"
PhysionetMI,5,csp_lda,mixed,unlabeled_rms,30,15,0.004534290987066925,0.008819400000000002,PhysionetMI_5_csp_lda_mixed_unlabeled_rms.npz,models/55a603085d09a22c/PhysionetMI/5/csp_lda/manifest.json,bba72c67fff1c248a9d06b65b5e9ea61ce9020ae2af0a759abce71a68b141d9d,0.4666666666666667,0.5,0.5892857142857143,0.0,0.5299591314245803,0.0095,0.009611199999999999,0.010125,104045.28050607626,1,10,100,"[3, 480]"
PhysionetMI,5,eegnet,clean,none,30,15,0.12772412499180064,8.04e-05,PhysionetMI_5_eegnet_clean_none.npz,models/55a603085d09a22c/PhysionetMI/5/eegnet/manifest.json,ea2158fc19a963ec7bfc1bc65041e5d235e273effb71436d2f9d8d3e01530c31,0.4666666666666667,0.4375,0.5,0.6363636363636364,0.2498493194580078,0.157063,0.16022333999999996,0.16850564999999998,6241.287942193691,1,10,100,"[3, 480]"
PhysionetMI,5,eegnet,noise_0.5,none,30,15,0.12772412499180064,6.673333333333335e-05,PhysionetMI_5_eegnet_noise_0.5_none.npz,models/55a603085d09a22c/PhysionetMI/5/eegnet/manifest.json,ea2158fc19a963ec7bfc1bc65041e5d235e273effb71436d2f9d8d3e01530c31,0.5333333333333333,0.5,0.4107142857142857,0.6956521739130435,0.2500782012939453,0.157063,0.16022333999999996,0.16850564999999998,6241.287942193691,1,10,100,"[3, 480]"
PhysionetMI,5,eegnet,noise_0.5,unlabeled_rms,30,15,0.12772412499180064,0.012158400000000001,PhysionetMI_5_eegnet_noise_0.5_unlabeled_rms.npz,models/55a603085d09a22c/PhysionetMI/5/eegnet/manifest.json,ea2158fc19a963ec7bfc1bc65041e5d235e273effb71436d2f9d8d3e01530c31,0.5333333333333333,0.5,0.3928571428571429,0.6956521739130435,0.24997474253177643,0.157063,0.16022333999999996,0.16850564999999998,6241.287942193691,1,10,100,"[3, 480]"
PhysionetMI,5,eegnet,noise_1,none,30,15,0.12772412499180064,7.206666666666668e-05,PhysionetMI_5_eegnet_noise_1_none.npz,models/55a603085d09a22c/PhysionetMI/5/eegnet/manifest.json,ea2158fc19a963ec7bfc1bc65041e5d235e273effb71436d2f9d8d3e01530c31,0.5333333333333333,0.5,0.375,0.6956521739130435,0.2502254545688629,0.157063,0.16022333999999996,0.16850564999999998,6241.287942193691,1,10,100,"[3, 480]"
PhysionetMI,5,eegnet,noise_1,unlabeled_rms,30,15,0.12772412499180064,0.010269466666666666,PhysionetMI_5_eegnet_noise_1_unlabeled_rms.npz,models/55a603085d09a22c/PhysionetMI/5/eegnet/manifest.json,ea2158fc19a963ec7bfc1bc65041e5d235e273effb71436d2f9d8d3e01530c31,0.5333333333333333,0.5,0.35714285714285715,0.6956521739130435,0.24997107684612274,0.157063,0.16022333999999996,0.16850564999999998,6241.287942193691,1,10,100,"[3, 480]"
PhysionetMI,5,eegnet,noise_2,none,30,15,0.12772412499180064,6.126666666666669e-05,PhysionetMI_5_eegnet_noise_2_none.npz,models/55a603085d09a22c/PhysionetMI/5/eegnet/manifest.json,ea2158fc19a963ec7bfc1bc65041e5d235e273effb71436d2f9d8d3e01530c31,0.5333333333333333,0.5,0.35714285714285715,0.6956521739130435,0.25098854303359985,0.157063,0.16022333999999996,0.16850564999999998,6241.287942193691,1,10,100,"[3, 480]"
PhysionetMI,5,eegnet,noise_2,unlabeled_rms,30,15,0.12772412499180064,0.010736199999999998,PhysionetMI_5_eegnet_noise_2_unlabeled_rms.npz,models/55a603085d09a22c/PhysionetMI/5/eegnet/manifest.json,ea2158fc19a963ec7bfc1bc65041e5d235e273effb71436d2f9d8d3e01530c31,0.5333333333333333,0.5,0.4285714285714286,0.6956521739130435,0.2500375807285309,0.157063,0.16022333999999996,0.16850564999999998,6241.287942193691,1,10,100,"[3, 480]"
PhysionetMI,5,eegnet,dropout_1,none,30,15,0.12772412499180064,6.4e-05,PhysionetMI_5_eegnet_dropout_1_none.npz,models/55a603085d09a22c/PhysionetMI/5/eegnet/manifest.json,ea2158fc19a963ec7bfc1bc65041e5d235e273effb71436d2f9d8d3e01530c31,0.4666666666666667,0.4375,0.4821428571428572,0.6363636363636364,0.249908909201622,0.157063,0.16022333999999996,0.16850564999999998,6241.287942193691,1,10,100,"[3, 480]"
PhysionetMI,5,eegnet,dropout_1,unlabeled_rms,30,15,0.12772412499180064,0.010699866666666667,PhysionetMI_5_eegnet_dropout_1_unlabeled_rms.npz,models/55a603085d09a22c/PhysionetMI/5/eegnet/manifest.json,ea2158fc19a963ec7bfc1bc65041e5d235e273effb71436d2f9d8d3e01530c31,0.4666666666666667,0.4375,0.48214285714285715,0.6363636363636364,0.24994033575057983,0.157063,0.16022333999999996,0.16850564999999998,6241.287942193691,1,10,100,"[3, 480]"
PhysionetMI,5,eegnet,dropout_2,none,30,15,0.12772412499180064,5.5400000000000005e-05,PhysionetMI_5_eegnet_dropout_2_none.npz,models/55a603085d09a22c/PhysionetMI/5/eegnet/manifest.json,ea2158fc19a963ec7bfc1bc65041e5d235e273effb71436d2f9d8d3e01530c31,0.5333333333333333,0.5,0.4107142857142857,0.6956521739130435,0.24983009696006775,0.157063,0.16022333999999996,0.16850564999999998,6241.287942193691,1,10,100,"[3, 480]"
PhysionetMI,5,eegnet,dropout_2,unlabeled_rms,30,15,0.12772412499180064,0.010380466666666666,PhysionetMI_5_eegnet_dropout_2_unlabeled_rms.npz,models/55a603085d09a22c/PhysionetMI/5/eegnet/manifest.json,ea2158fc19a963ec7bfc1bc65041e5d235e273effb71436d2f9d8d3e01530c31,0.5333333333333333,0.5,0.48214285714285715,0.6956521739130435,0.2498515546321869,0.157063,0.16022333999999996,0.16850564999999998,6241.287942193691,1,10,100,"[3, 480]"
PhysionetMI,5,eegnet,amplitude_2,none,30,15,0.12772412499180064,7.219999999999999e-05,PhysionetMI_5_eegnet_amplitude_2_none.npz,models/55a603085d09a22c/PhysionetMI/5/eegnet/manifest.json,ea2158fc19a963ec7bfc1bc65041e5d235e273effb71436d2f9d8d3e01530c31,0.4666666666666667,0.4375,0.4642857142857143,0.6363636363636364,0.24974198639392853,0.157063,0.16022333999999996,0.16850564999999998,6241.287942193691,1,10,100,"[3, 480]"
PhysionetMI,5,eegnet,amplitude_2,unlabeled_rms,30,15,0.12772412499180064,0.010986133333333334,PhysionetMI_5_eegnet_amplitude_2_unlabeled_rms.npz,models/55a603085d09a22c/PhysionetMI/5/eegnet/manifest.json,ea2158fc19a963ec7bfc1bc65041e5d235e273effb71436d2f9d8d3e01530c31,0.4666666666666667,0.4375,0.5,0.6363636363636364,0.2499193251132965,0.157063,0.16022333999999996,0.16850564999999998,6241.287942193691,1,10,100,"[3, 480]"
PhysionetMI,5,eegnet,drift_2,none,30,15,0.12772412499180064,7.226666666666667e-05,PhysionetMI_5_eegnet_drift_2_none.npz,models/55a603085d09a22c/PhysionetMI/5/eegnet/manifest.json,ea2158fc19a963ec7bfc1bc65041e5d235e273effb71436d2f9d8d3e01530c31,0.4666666666666667,0.4375,0.5,0.6363636363636364,0.24984945356845856,0.157063,0.16022333999999996,0.16850564999999998,6241.287942193691,1,10,100,"[3, 480]"
PhysionetMI,5,eegnet,drift_2,unlabeled_rms,30,15,0.12772412499180064,0.009861133333333333,PhysionetMI_5_eegnet_drift_2_unlabeled_rms.npz,models/55a603085d09a22c/PhysionetMI/5/eegnet/manifest.json,ea2158fc19a963ec7bfc1bc65041e5d235e273effb71436d2f9d8d3e01530c31,0.4666666666666667,0.4375,0.5,0.6363636363636364,0.24991941452026367,0.157063,0.16022333999999996,0.16850564999999998,6241.287942193691,1,10,100,"[3, 480]"
PhysionetMI,5,eegnet,mixed,none,30,15,0.12772412499180064,6.666666666666667e-05,PhysionetMI_5_eegnet_mixed_none.npz,models/55a603085d09a22c/PhysionetMI/5/eegnet/manifest.json,ea2158fc19a963ec7bfc1bc65041e5d235e273effb71436d2f9d8d3e01530c31,0.5333333333333333,0.5,0.3571428571428572,0.6956521739130435,0.2511028051376343,0.157063,0.16022333999999996,0.16850564999999998,6241.287942193691,1,10,100,"[3, 480]"
PhysionetMI,5,eegnet,mixed,unlabeled_rms,30,15,0.12772412499180064,0.010664,PhysionetMI_5_eegnet_mixed_unlabeled_rms.npz,models/55a603085d09a22c/PhysionetMI/5/eegnet/manifest.json,ea2158fc19a963ec7bfc1bc65041e5d235e273effb71436d2f9d8d3e01530c31,0.5333333333333333,0.5,0.3928571428571429,0.6956521739130435,0.25002777576446533,0.157063,0.16022333999999996,0.16850564999999998,6241.287942193691,1,10,100,"[3, 480]"
BNCI2014_001,1,bandpower_logreg,clean,none,144,144,0.0012307920260354877,4.4534722222222224e-05,BNCI2014_001_1_bandpower_logreg_clean_none.npz,models/55a603085d09a22c/BNCI2014_001/1/bandpower_logreg/manifest.json,7dc09b578f7474b150f2ef5d0893497ac034e7945a73dff50f541436da6d96bf,0.6388888888888888,0.6388888888888888,0.6828703703703703,0.6176470588235294,0.2267629754322767,0.0085,0.00852122,0.0087101,117354.08779494016,1,10,100,"[3, 750]"
BNCI2014_001,1,bandpower_logreg,noise_0.5,none,144,144,0.0012307920260354877,4.5368055555555555e-05,BNCI2014_001_1_bandpower_logreg_noise_0.5_none.npz,models/55a603085d09a22c/BNCI2014_001/1/bandpower_logreg/manifest.json,7dc09b578f7474b150f2ef5d0893497ac034e7945a73dff50f541436da6d96bf,0.6527777777777778,0.6527777777777777,0.6986882716049383,0.609375,0.225808319221424,0.0085,0.00852122,0.0087101,117354.08779494016,1,10,100,"[3, 750]"
BNCI2014_001,1,bandpower_logreg,noise_0.5,unlabeled_rms,144,144,0.0012307920260354877,0.009008722222222222,BNCI2014_001_1_bandpower_logreg_noise_0.5_unlabeled_rms.npz,models/55a603085d09a22c/BNCI2014_001/1/bandpower_logreg/manifest.json,7dc09b578f7474b150f2ef5d0893497ac034e7945a73dff50f541436da6d96bf,0.6736111111111112,0.6736111111111112,0.6965663580246914,0.656934306569343,0.22403368615378672,0.0085,0.00852122,0.0087101,117354.08779494016,1,10,100,"[3, 750]"
BNCI2014_001,1,bandpower_logreg,noise_1,none,144,144,0.0012307920260354877,4.0479166666666664e-05,BNCI2014_001_1_bandpower_logreg_noise_1_none.npz,models/55a603085d09a22c/BNCI2014_001/1/bandpower_logreg/manifest.json,7dc09b578f7474b150f2ef5d0893497ac034e7945a73dff50f541436da6d96bf,0.6180555555555556,0.6180555555555556,0.6832561728395061,0.5669291338582677,0.23215397894480214,0.0085,0.00852122,0.0087101,117354.08779494016,1,10,100,"[3, 750]"
BNCI2014_001,1,bandpower_logreg,noise_1,unlabeled_rms,144,144,0.0012307920260354877,0.00890711111111111,BNCI2014_001_1_bandpower_logreg_noise_1_unlabeled_rms.npz,models/55a603085d09a22c/BNCI2014_001/1/bandpower_logreg/manifest.json,7dc09b578f7474b150f2ef5d0893497ac034e7945a73dff50f541436da6d96bf,0.6458333333333334,0.6458333333333334,0.6836419753086419,0.6330935251798561,0.22882385179828496,0.0085,0.00852122,0.0087101,117354.08779494016,1,10,100,"[3, 750]"
BNCI2014_001,1,bandpower_logreg,noise_2,none,144,144,0.0012307920260354877,3.700694444444445e-05,BNCI2014_001_1_bandpower_logreg_noise_2_none.npz,models/55a603085d09a22c/BNCI2014_001/1/bandpower_logreg/manifest.json,7dc09b578f7474b150f2ef5d0893497ac034e7945a73dff50f541436da6d96bf,0.5555555555555556,0.5555555555555556,0.6286651234567902,0.47540983606557374,0.24786507432193827,0.0085,0.00852122,0.0087101,117354.08779494016,1,10,100,"[3, 750]"
BNCI2014_001,1,bandpower_logreg,noise_2,unlabeled_rms,144,144,0.0012307920260354877,0.008561347222222222,BNCI2014_001_1_bandpower_logreg_noise_2_unlabeled_rms.npz,models/55a603085d09a22c/BNCI2014_001/1/bandpower_logreg/manifest.json,7dc09b578f7474b150f2ef5d0893497ac034e7945a73dff50f541436da6d96bf,0.5972222222222222,0.5972222222222222,0.6313657407407407,0.5735294117647058,0.24296453021456188,0.0085,0.00852122,0.0087101,117354.08779494016,1,10,100,"[3, 750]"
BNCI2014_001,1,bandpower_logreg,dropout_1,none,144,144,0.0012307920260354877,4.084027777777778e-05,BNCI2014_001_1_bandpower_logreg_dropout_1_none.npz,models/55a603085d09a22c/BNCI2014_001/1/bandpower_logreg/manifest.json,7dc09b578f7474b150f2ef5d0893497ac034e7945a73dff50f541436da6d96bf,0.5,0.5,0.5,0.6666666666666666,0.5,0.0085,0.00852122,0.0087101,117354.08779494016,1,10,100,"[3, 750]"
BNCI2014_001,1,bandpower_logreg,dropout_1,unlabeled_rms,144,144,0.0012307920260354877,0.008988152777777779,BNCI2014_001_1_bandpower_logreg_dropout_1_unlabeled_rms.npz,models/55a603085d09a22c/BNCI2014_001/1/bandpower_logreg/manifest.json,7dc09b578f7474b150f2ef5d0893497ac034e7945a73dff50f541436da6d96bf,0.5,0.5,0.5,0.6666666666666666,0.5,0.0085,0.00852122,0.0087101,117354.08779494016,1,10,100,"[3, 750]"
BNCI2014_001,1,bandpower_logreg,dropout_2,none,144,144,0.0012307920260354877,4.0479166666666664e-05,BNCI2014_001_1_bandpower_logreg_dropout_2_none.npz,models/55a603085d09a22c/BNCI2014_001/1/bandpower_logreg/manifest.json,7dc09b578f7474b150f2ef5d0893497ac034e7945a73dff50f541436da6d96bf,0.5,0.5,0.5,0.6666666666666666,0.5,0.0085,0.00852122,0.0087101,117354.08779494016,1,10,100,"[3, 750]"
BNCI2014_001,1,bandpower_logreg,dropout_2,unlabeled_rms,144,144,0.0012307920260354877,0.008751229166666668,BNCI2014_001_1_bandpower_logreg_dropout_2_unlabeled_rms.npz,models/55a603085d09a22c/BNCI2014_001/1/bandpower_logreg/manifest.json,7dc09b578f7474b150f2ef5d0893497ac034e7945a73dff50f541436da6d96bf,0.5,0.5,0.5,0.6666666666666666,0.5,0.0085,0.00852122,0.0087101,117354.08779494016,1,10,100,"[3, 750]"
BNCI2014_001,1,bandpower_logreg,amplitude_2,none,144,144,0.0012307920260354877,4.041666666666667e-05,BNCI2014_001_1_bandpower_logreg_amplitude_2_none.npz,models/55a603085d09a22c/BNCI2014_001/1/bandpower_logreg/manifest.json,7dc09b578f7474b150f2ef5d0893497ac034e7945a73dff50f541436da6d96bf,0.6388888888888888,0.6388888888888888,0.6828703703703703,0.6060606060606061,0.22787943106072994,0.0085,0.00852122,0.0087101,117354.08779494016,1,10,100,"[3, 750]"
BNCI2014_001,1,bandpower_logreg,amplitude_2,unlabeled_rms,144,144,0.0012307920260354877,0.00917217361111111,BNCI2014_001_1_bandpower_logreg_amplitude_2_unlabeled_rms.npz,models/55a603085d09a22c/BNCI2014_001/1/bandpower_logreg/manifest.json,7dc09b578f7474b150f2ef5d0893497ac034e7945a73dff50f541436da6d96bf,0.6527777777777778,0.6527777777777777,0.6788194444444445,0.647887323943662,0.22611226481019647,0.0085,0.00852122,0.0087101,117354.08779494016,1,10,100,"[3, 750]"
BNCI2014_001,1,bandpower_logreg,drift_2,none,144,144,0.0012307920260354877,3.965972222222222e-05,BNCI2014_001_1_bandpower_logreg_drift_2_none.npz,models/55a603085d09a22c/BNCI2014_001/1/bandpower_logreg/manifest.json,7dc09b578f7474b150f2ef5d0893497ac034e7945a73dff50f541436da6d96bf,0.6388888888888888,0.6388888888888888,0.6828703703703703,0.6176470588235294,0.22676454557230447,0.0085,0.00852122,0.0087101,117354.08779494016,1,10,100,"[3, 750]"
BNCI2014_001,1,bandpower_logreg,drift_2,unlabeled_rms,144,144,0.0012307920260354877,0.008987013888888888,BNCI2014_001_1_bandpower_logreg_drift_2_unlabeled_rms.npz,models/55a603085d09a22c/BNCI2014_001/1/bandpower_logreg/manifest.json,7dc09b578f7474b150f2ef5d0893497ac034e7945a73dff50f541436da6d96bf,0.6597222222222222,0.6597222222222222,0.6788194444444445,0.6573426573426573,0.22611365629508354,0.0085,0.00852122,0.0087101,117354.08779494016,1,10,100,"[3, 750]"
BNCI2014_001,1,bandpower_logreg,mixed,none,144,144,0.0012307920260354877,4.454166666666666e-05,BNCI2014_001_1_bandpower_logreg_mixed_none.npz,models/55a603085d09a22c/BNCI2014_001/1/bandpower_logreg/manifest.json,7dc09b578f7474b150f2ef5d0893497ac034e7945a73dff50f541436da6d96bf,0.5972222222222222,0.5972222222222222,0.6832561728395061,0.5166666666666667,0.2339037368350668,0.0085,0.00852122,0.0087101,117354.08779494016,1,10,100,"[3, 750]"
BNCI2014_001,1,bandpower_logreg,mixed,unlabeled_rms,144,144,0.0012307920260354877,0.009109645833333332,BNCI2014_001_1_bandpower_logreg_mixed_unlabeled_rms.npz,models/55a603085d09a22c/BNCI2014_001/1/bandpower_logreg/manifest.json,7dc09b578f7474b150f2ef5d0893497ac034e7945a73dff50f541436da6d96bf,0.6458333333333334,0.6458333333333334,0.6836419753086419,0.6330935251798561,0.22882385179828496,0.0085,0.00852122,0.0087101,117354.08779494016,1,10,100,"[3, 750]"
BNCI2014_001,1,csp_lda,clean,none,144,144,0.009469125012401491,4.1625e-05,BNCI2014_001_1_csp_lda_clean_none.npz,models/55a603085d09a22c/BNCI2014_001/1/csp_lda/manifest.json,ecd1f4d9b06d49aaba77a8d07b6f8140915d9f2bf04394ba33bd81b8ef2e1400,0.7847222222222222,0.7847222222222222,0.8890817901234569,0.8050314465408805,0.13822922516180902,0.011375,0.01156575,0.012091349999999999,86462.18360244688,1,10,100,"[3, 750]"
BNCI2014_001,1,csp_lda,noise_0.5,none,144,144,0.009469125012401491,4.020833333333333e-05,BNCI2014_001_1_csp_lda_noise_0.5_none.npz,models/55a603085d09a22c/BNCI2014_001/1/csp_lda/manifest.json,ecd1f4d9b06d49aaba77a8d07b6f8140915d9f2bf04394ba33bd81b8ef2e1400,0.5138888888888888,0.5138888888888888,0.726466049382716,0.05405405405405406,0.3961228820231344,0.011375,0.01156575,0.012091349999999999,86462.18360244688,1,10,100,"[3, 750]"
BNCI2014_001,1,csp_lda,noise_0.5,unlabeled_rms,144,144,0.009469125012401491,0.009164027777777776,BNCI2014_001_1_csp_lda_noise_0.5_unlabeled_rms.npz,models/55a603085d09a22c/BNCI2014_001/1/csp_lda/manifest.json,ecd1f4d9b06d49aaba77a8d07b6f8140915d9f2bf04394ba33bd81b8ef2e1400,0.5138888888888888,0.5138888888888888,0.7258873456790124,0.05405405405405406,0.3606620092507347,0.011375,0.01156575,0.012091349999999999,86462.18360244688,1,10,100,"[3, 750]"
BNCI2014_001,1,csp_lda,noise_1,none,144,144,0.009469125012401491,4.164583333333334e-05,BNCI2014_001_1_csp_lda_noise_1_none.npz,models/55a603085d09a22c/BNCI2014_001/1/csp_lda/manifest.json,ecd1f4d9b06d49aaba77a8d07b6f8140915d9f2bf04394ba33bd81b8ef2e1400,0.5,0.5,0.6259645061728395,0.0,0.4923910064591877,0.011375,0.01156575,0.012091349999999999,86462.18360244688,1,10,100,"[3, 750]"
BNCI2014_001,1,csp_lda,noise_1,unlabeled_rms,144,144,0.009469125012401491,0.009520277777777777,BNCI2014_001_1_csp_lda_noise_1_unlabeled_rms.npz,models/55a603085d09a22c/BNCI2014_001/1/csp_lda/manifest.json,ecd1f4d9b06d49aaba77a8d07b6f8140915d9f2bf04394ba33bd81b8ef2e1400,0.5,0.5,0.6309799382716049,0.0,0.47280258386734275,0.011375,0.01156575,0.012091349999999999,86462.18360244688,1,10,100,"[3, 750]"
BNCI2014_001,1,csp_lda,noise_2,none,144,144,0.009469125012401491,4.8534722222222226e-05,BNCI2014_001_1_csp_lda_noise_2_none.npz,models/55a603085d09a22c/BNCI2014_001/1/csp_lda/manifest.json,ecd1f4d9b06d49aaba77a8d07b6f8140915d9f2bf04394ba33bd81b8ef2e1400,0.5,0.5,0.5580632716049383,0.0,0.4996280597374261,0.011375,0.01156575,0.012091349999999999,86462.18360244688,1,10,100,"[3, 750]"
BNCI2014_001,1,csp_lda,noise_2,unlabeled_rms,144,144,0.009469125012401491,0.008708340277777777,BNCI2014_001_1_csp_lda_noise_2_unlabeled_rms.npz,models/55a603085d09a22c/BNCI2014_001/1/csp_lda/manifest.json,ecd1f4d9b06d49aaba77a8d07b6f8140915d9f2bf04394ba33bd81b8ef2e1400,0.5,0.5,0.5611496913580246,0.0,0.49154716747271443,0.011375,0.01156575,0.012091349999999999,86462.18360244688,1,10,100,"[3, 750]"
BNCI2014_001,1,csp_lda,dropout_1,none,144,144,0.009469125012401491,3.638194444444445e-05,BNCI2014_001_1_csp_lda_dropout_1_none.npz,models/55a603085d09a22c/BNCI2014_001/1/csp_lda/manifest.json,ecd1f4d9b06d49aaba77a8d07b6f8140915d9f2bf04394ba33bd81b8ef2e1400,0.5,0.5,0.652391975308642,0.0,0.4978734846055879,0.011375,0.01156575,0.012091349999999999,86462.18360244688,1,10,100,"[3, 750]"
BNCI2014_001,1,csp_lda,dropout_1,unlabeled_rms,144,144,0.009469125012401491,0.008701951388888888,BNCI2014_001_1_csp_lda_dropout_1_unlabeled_rms.npz,models/55a603085d09a22c/BNCI2014_001/1/csp_lda/manifest.json,ecd1f4d9b06d49aaba77a8d07b6f8140915d9f2bf04394ba33bd81b8ef2e1400,0.5,0.5,0.658179012345679,0.0,0.4979949932696357,0.011375,0.01156575,0.012091349999999999,86462.18360244688,1,10,100,"[3, 750]"
BNCI2014_001,1,csp_lda,dropout_2,none,144,144,0.009469125012401491,4.6548611111111106e-05,BNCI2014_001_1_csp_lda_dropout_2_none.npz,models/55a603085d09a22c/BNCI2014_001/1/csp_lda/manifest.json,ecd1f4d9b06d49aaba77a8d07b6f8140915d9f2bf04394ba33bd81b8ef2e1400,0.5,0.5,0.482445987654321,0.0,0.4769810321875435,0.011375,0.01156575,0.012091349999999999,86462.18360244688,1,10,100,"[3, 750]"
BNCI2014_001,1,csp_lda,dropout_2,unlabeled_rms,144,144,0.009469125012401491,0.010652833333333332,BNCI2014_001_1_csp_lda_dropout_2_unlabeled_rms.npz,models/55a603085d09a22c/BNCI2014_001/1/csp_lda/manifest.json,ecd1f4d9b06d49aaba77a8d07b6f8140915d9f2bf04394ba33bd81b8ef2e1400,0.5,0.5,0.4876543209876543,0.0,0.4775206802612397,0.011375,0.01156575,0.012091349999999999,86462.18360244688,1,10,100,"[3, 750]"
BNCI2014_001,1,csp_lda,amplitude_2,none,144,144,0.009469125012401491,4.164583333333334e-05,BNCI2014_001_1_csp_lda_amplitude_2_none.npz,models/55a603085d09a22c/BNCI2014_001/1/csp_lda/manifest.json,ecd1f4d9b06d49aaba77a8d07b6f8140915d9f2bf04394ba33bd81b8ef2e1400,0.5763888888888888,0.5763888888888888,0.8890817901234569,0.26506024096385544,0.32129263167869837,0.011375,0.01156575,0.012091349999999999,86462.18360244688,1,10,100,"[3, 750]"
BNCI2014_001,1,csp_lda,amplitude_2,unlabeled_rms,144,144,0.009469125012401491,0.00869676388888889,BNCI2014_001_1_csp_lda_amplitude_2_unlabeled_rms.npz,models/55a603085d09a22c/BNCI2014_001/1/csp_lda/manifest.json,ecd1f4d9b06d49aaba77a8d07b6f8140915d9f2bf04394ba33bd81b8ef2e1400,0.7986111111111112,0.7986111111111112,0.8827160493827161,0.8220858895705522,0.14253109835638136,0.011375,0.01156575,0.012091349999999999,86462.18360244688,1,10,100,"[3, 750]"
BNCI2014_001,1,csp_lda,drift_2,none,144,144,0.009469125012401491,3.869444444444445e-05,BNCI2014_001_1_csp_lda_drift_2_none.npz,models/55a603085d09a22c/BNCI2014_001/1/csp_lda/manifest.json,ecd1f4d9b06d49aaba77a8d07b6f8140915d9f2bf04394ba33bd81b8ef2e1400,0.7847222222222222,0.7847222222222222,0.8890817901234569,0.8050314465408805,0.1382282635114621,0.011375,0.01156575,0.012091349999999999,86462.18360244688,1,10,100,"[3, 750]"
BNCI2014_001,1,csp_lda,drift_2,unlabeled_rms,144,144,0.009469125012401491,0.008779513888888889,BNCI2014_001_1_csp_lda_drift_2_unlabeled_rms.npz,models/55a603085d09a22c/BNCI2014_001/1/csp_lda/manifest.json,ecd1f4d9b06d49aaba77a8d07b6f8140915d9f2bf04394ba33bd81b8ef2e1400,0.7986111111111112,0.7986111111111112,0.8825231481481481,0.8220858895705522,0.14253133575098997,0.011375,0.01156575,0.012091349999999999,86462.18360244688,1,10,100,"[3, 750]"
BNCI2014_001,1,csp_lda,mixed,none,144,144,0.009469125012401491,4.138194444444445e-05,BNCI2014_001_1_csp_lda_mixed_none.npz,models/55a603085d09a22c/BNCI2014_001/1/csp_lda/manifest.json,ecd1f4d9b06d49aaba77a8d07b6f8140915d9f2bf04394ba33bd81b8ef2e1400,0.5,0.5,0.6259645061728395,0.0,0.4995847878151586,0.011375,0.01156575,0.012091349999999999,86462.18360244688,1,10,100,"[3, 750]"
BNCI2014_001,1,csp_lda,mixed,unlabeled_rms,144,144,0.009469125012401491,0.00866602777777778,BNCI2014_001_1_csp_lda_mixed_unlabeled_rms.npz,models/55a603085d09a22c/BNCI2014_001/1/csp_lda/manifest.json,ecd1f4d9b06d49aaba77a8d07b6f8140915d9f2bf04394ba33bd81b8ef2e1400,0.5,0.5,0.6309799382716049,0.0,0.47280258386734275,0.011375,0.01156575,0.012091349999999999,86462.18360244688,1,10,100,"[3, 750]"
BNCI2014_001,1,eegnet,clean,none,144,144,1.3860963749757502,5.1729166666666666e-05,BNCI2014_001_1_eegnet_clean_none.npz,models/55a603085d09a22c/BNCI2014_001/1/eegnet/manifest.json,5f74b3473e2bad119088283d9619d1dc964df2c4802b6364a5aa3a50c9d36382,0.4791666666666667,0.47916666666666663,0.5225694444444444,0.025974025974025976,0.24997393786907196,0.1787085,0.18170418,0.19647499999999998,5503.450718635092,1,10,100,"[3, 750]"
BNCI2014_001,1,eegnet,noise_0.5,none,144,144,1.3860963749757502,4.163888888888889e-05,BNCI2014_001_1_eegnet_noise_0.5_none.npz,models/55a603085d09a22c/BNCI2014_001/1/eegnet/manifest.json,5f74b3473e2bad119088283d9619d1dc964df2c4802b6364a5aa3a50c9d36382,0.4930555555555556,0.4930555555555555,0.523341049382716,0.0759493670886076,0.24996471405029297,0.1787085,0.18170418,0.19647499999999998,5503.450718635092,1,10,100,"[3, 750]"
BNCI2014_001,1,eegnet,noise_0.5,unlabeled_rms,144,144,1.3860963749757502,0.011363423611111109,BNCI2014_001_1_eegnet_noise_0.5_unlabeled_rms.npz,models/55a603085d09a22c/BNCI2014_001/1/eegnet/manifest.json,5f74b3473e2bad119088283d9619d1dc964df2c4802b6364a5aa3a50c9d36382,0.4930555555555556,0.4930555555555555,0.5210262345679013,0.0759493670886076,0.24997036159038544,0.1787085,0.18170418,0.19647499999999998,5503.450718635092,1,10,100,"[3, 750]"
BNCI2014_001,1,eegnet,noise_1,none,144,144,1.3860963749757502,4.197222222222222e-05,BNCI2014_001_1_eegnet_noise_1_none.npz,models/55a603085d09a22c/BNCI2014_001/1/eegnet/manifest.json,5f74b3473e2bad119088283d9619d1dc964df2c4802b6364a5aa3a50c9d36382,0.5,0.5,0.5171682098765432,0.07692307692307693,0.24995003640651703,0.1787085,0.18170418,0.19647499999999998,5503.450718635092,1,10,100,"[3, 750]"
BNCI2014_001,1,eegnet,noise_1,unlabeled_rms,144,144,1.3860963749757502,0.01096217361111111,BNCI2014_001_1_eegnet_noise_1_unlabeled_rms.npz,models/55a603085d09a22c/BNCI2014_001/1/eegnet/manifest.json,5f74b3473e2bad119088283d9619d1dc964df2c4802b6364a5aa3a50c9d36382,0.4861111111111111,0.4861111111111111,0.5096450617283951,0.075,0.24996691942214966,0.1787085,0.18170418,0.19647499999999998,5503.450718635092,1,10,100,"[3, 750]"
BNCI2014_001,1,eegnet,noise_2,none,144,144,1.3860963749757502,4.188888888888889e-05,BNCI2014_001_1_eegnet_noise_2_none.npz,models/55a603085d09a22c/BNCI2014_001/1/eegnet/manifest.json,5f74b3473e2bad119088283d9619d1dc964df2c4802b6364a5aa3a50c9d36382,0.5,0.5,0.5077160493827162,0.05263157894736842,0.24989955127239227,0.1787085,0.18170418,0.19647499999999998,5503.450718635092,1,10,100,"[3, 750]"
BNCI2014_001,1,eegnet,noise_2,unlabeled_rms,144,144,1.3860963749757502,0.01120664583333333,BNCI2014_001_1_eegnet_noise_2_unlabeled_rms.npz,models/55a603085d09a22c/BNCI2014_001/1/eegnet/manifest.json,5f74b3473e2bad119088283d9619d1dc964df2c4802b6364a5aa3a50c9d36382,0.5069444444444444,0.5069444444444444,0.498070987654321,0.10126582278481013,0.24996066093444824,0.1787085,0.18170418,0.19647499999999998,5503.450718635092,1,10,100,"[3, 750]"
BNCI2014_001,1,eegnet,dropout_1,none,144,144,1.3860963749757502,4.134722222222222e-05,BNCI2014_001_1_eegnet_dropout_1_none.npz,models/55a603085d09a22c/BNCI2014_001/1/eegnet/manifest.json,5f74b3473e2bad119088283d9619d1dc964df2c4802b6364a5aa3a50c9d36382,0.4861111111111111,0.4861111111111111,0.5154320987654322,0.11904761904761904,0.24999305605888367,0.1787085,0.18170418,0.19647499999999998,5503.450718635092,1,10,100,"[3, 750]"
BNCI2014_001,1,eegnet,dropout_1,unlabeled_rms,144,144,1.3860963749757502,0.01140309722222222,BNCI2014_001_1_eegnet_dropout_1_unlabeled_rms.npz,models/55a603085d09a22c/BNCI2014_001/1/eegnet/manifest.json,5f74b3473e2bad119088283d9619d1dc964df2c4802b6364a5aa3a50c9d36382,0.5,0.5,0.5192901234567902,0.16279069767441862,0.24999400973320007,0.1787085,0.18170418,0.19647499999999998,5503.450718635092,1,10,100,"[3, 750]"
BNCI2014_001,1,eegnet,dropout_2,none,144,144,1.3860963749757502,4.771527777777777e-05,BNCI2014_001_1_eegnet_dropout_2_none.npz,models/55a603085d09a22c/BNCI2014_001/1/eegnet/manifest.json,5f74b3473e2bad119088283d9619d1dc964df2c4802b6364a5aa3a50c9d36382,0.5208333333333334,0.5208333333333334,0.5285493827160493,0.1686746987951807,0.2499740868806839,0.1787085,0.18170418,0.19647499999999998,5503.450718635092,1,10,100,"[3, 750]"
BNCI2014_001,1,eegnet,dropout_2,unlabeled_rms,144,144,1.3860963749757502,0.013026618055555555,BNCI2014_001_1_eegnet_dropout_2_unlabeled_rms.npz,models/55a603085d09a22c/BNCI2014_001/1/eegnet/manifest.json,5f74b3473e2bad119088283d9619d1dc964df2c4802b6364a5aa3a50c9d36382,0.5138888888888888,0.5138888888888888,0.5243055555555555,0.14634146341463414,0.2499760538339615,0.1787085,0.18170418,0.19647499999999998,5503.450718635092,1,10,100,"[3, 750]"
BNCI2014_001,1,eegnet,amplitude_2,none,144,144,1.3860963749757502,4.915972222222222e-05,BNCI2014_001_1_eegnet_amplitude_2_none.npz,models/55a603085d09a22c/BNCI2014_001/1/eegnet/manifest.json,5f74b3473e2bad119088283d9619d1dc964df2c4802b6364a5aa3a50c9d36382,0.4930555555555556,0.4930555555555556,0.5298996913580246,0.0,0.24997578561306,0.1787085,0.18170418,0.19647499999999998,5503.450718635092,1,10,100,"[3, 750]"
BNCI2014_001,1,eegnet,amplitude_2,unlabeled_rms,144,144,1.3860963749757502,0.012000555555555554,BNCI2014_001_1_eegnet_amplitude_2_unlabeled_rms.npz,models/55a603085d09a22c/BNCI2014_001/1/eegnet/manifest.json,5f74b3473e2bad119088283d9619d1dc964df2c4802b6364a5aa3a50c9d36382,0.4791666666666667,0.47916666666666663,0.5196759259259258,0.025974025974025976,0.24997888505458832,0.1787085,0.18170418,0.19647499999999998,5503.450718635092,1,10,100,"[3, 750]"
BNCI2014_001,1,eegnet,drift_2,none,144,144,1.3860963749757502,4.3951388888888885e-05,BNCI2014_001_1_eegnet_drift_2_none.npz,models/55a603085d09a22c/BNCI2014_001/1/eegnet/manifest.json,5f74b3473e2bad119088283d9619d1dc964df2c4802b6364a5aa3a50c9d36382,0.4791666666666667,0.47916666666666663,0.5227623456790124,0.025974025974025976,0.2499738484621048,0.1787085,0.18170418,0.19647499999999998,5503.450718635092,1,10,100,"[3, 750]"
BNCI2014_001,1,eegnet,drift_2,unlabeled_rms,144,144,1.3860963749757502,0.011742118055555553,BNCI2014_001_1_eegnet_drift_2_unlabeled_rms.npz,models/55a603085d09a22c/BNCI2014_001/1/eegnet/manifest.json,5f74b3473e2bad119088283d9619d1dc964df2c4802b6364a5aa3a50c9d36382,0.4791666666666667,0.47916666666666663,0.5196759259259258,0.025974025974025976,0.24997881054878235,0.1787085,0.18170418,0.19647499999999998,5503.450718635092,1,10,100,"[3, 750]"
BNCI2014_001,1,eegnet,mixed,none,144,144,1.3860963749757502,4.1590277777777776e-05,BNCI2014_001_1_eegnet_mixed_none.npz,models/55a603085d09a22c/BNCI2014_001/1/eegnet/manifest.json,5f74b3473e2bad119088283d9619d1dc964df2c4802b6364a5aa3a50c9d36382,0.5069444444444444,0.5069444444444444,0.5196759259259258,0.05333333333333334,0.25000059604644775,0.1787085,0.18170418,0.19647499999999998,5503.450718635092,1,10,100,"[3, 750]"
BNCI2014_001,1,eegnet,mixed,unlabeled_rms,144,144,1.3860963749757502,0.011160291666666666,BNCI2014_001_1_eegnet_mixed_unlabeled_rms.npz,models/55a603085d09a22c/BNCI2014_001/1/eegnet/manifest.json,5f74b3473e2bad119088283d9619d1dc964df2c4802b6364a5aa3a50c9d36382,0.4861111111111111,0.4861111111111111,0.5096450617283951,0.075,0.24996691942214966,0.1787085,0.18170418,0.19647499999999998,5503.450718635092,1,10,100,"[3, 750]"
BNCI2014_001,2,bandpower_logreg,clean,none,144,144,0.0015850420168135315,4.6527777777777774e-05,BNCI2014_001_2_bandpower_logreg_clean_none.npz,models/55a603085d09a22c/BNCI2014_001/2/bandpower_logreg/manifest.json,45b16d99ba887f3e57888ffadcecc4e015d890b4ee40697c07d35254145cdd2e,0.5277777777777778,0.5277777777777778,0.556712962962963,0.43333333333333335,0.24695717880636556,0.0085,0.008608699999999999,0.009208049999999999,116161.5574941629,1,10,100,"[3, 750]"
BNCI2014_001,2,bandpower_logreg,noise_0.5,none,144,144,0.0015850420168135315,3.720138888888889e-05,BNCI2014_001_2_bandpower_logreg_noise_0.5_none.npz,models/55a603085d09a22c/BNCI2014_001/2/bandpower_logreg/manifest.json,45b16d99ba887f3e57888ffadcecc4e015d890b4ee40697c07d35254145cdd2e,0.5763888888888888,0.5763888888888888,0.603780864197531,0.44036697247706424,0.2443517405270232,0.0085,0.008608699999999999,0.009208049999999999,116161.5574941629,1,10,100,"[3, 750]"
BNCI2014_001,2,bandpower_logreg,noise_0.5,unlabeled_rms,144,144,0.0015850420168135315,0.008806680555555557,BNCI2014_001_2_bandpower_logreg_noise_0.5_unlabeled_rms.npz,models/55a603085d09a22c/BNCI2014_001/2/bandpower_logreg/manifest.json,45b16d99ba887f3e57888ffadcecc4e015d890b4ee40697c07d35254145cdd2e,0.5972222222222222,0.5972222222222222,0.6136188271604938,0.5538461538461539,0.2433339467623053,0.0085,0.008608699999999999,0.009208049999999999,116161.5574941629,1,10,100,"[3, 750]"
BNCI2014_001,2,bandpower_logreg,noise_1,none,144,144,0.0015850420168135315,4.861111111111111e-05,BNCI2014_001_2_bandpower_logreg_noise_1_none.npz,models/55a603085d09a22c/BNCI2014_001/2/bandpower_logreg/manifest.json,45b16d99ba887f3e57888ffadcecc4e015d890b4ee40697c07d35254145cdd2e,0.5555555555555556,0.5555555555555556,0.6392746913580247,0.28888888888888886,0.2443574571391003,0.0085,0.008608699999999999,0.009208049999999999,116161.5574941629,1,10,100,"[3, 750]"
BNCI2014_001,2,bandpower_logreg,noise_1,unlabeled_rms,144,144,0.0015850420168135315,0.008338569444444445,BNCI2014_001_2_bandpower_logreg_noise_1_unlabeled_rms.npz,models/55a603085d09a22c/BNCI2014_001/2/bandpower_logreg/manifest.json,45b16d99ba887f3e57888ffadcecc4e015d890b4ee40697c07d35254145cdd2e,0.5972222222222222,0.5972222222222222,0.6475694444444444,0.5606060606060606,0.2417597927670657,0.0085,0.008608699999999999,0.009208049999999999,116161.5574941629,1,10,100,"[3, 750]"
BNCI2014_001,2,bandpower_logreg,noise_2,none,144,144,0.0015850420168135315,4.657638888888889e-05,BNCI2014_001_2_bandpower_logreg_noise_2_none.npz,models/55a603085d09a22c/BNCI2014_001/2/bandpower_logreg/manifest.json,45b16d99ba887f3e57888ffadcecc4e015d890b4ee40697c07d35254145cdd2e,0.4930555555555556,0.4930555555555555,0.6336805555555556,0.02666666666666667,0.25484728509911175,0.0085,0.008608699999999999,0.009208049999999999,116161.5574941629,1,10,100,"[3, 750]"
BNCI2014_001,2,bandpower_logreg,noise_2,unlabeled_rms,144,144,0.0015850420168135315,0.008460625,BNCI2014_001_2_bandpower_logreg_noise_2_unlabeled_rms.npz,models/55a603085d09a22c/BNCI2014_001/2/bandpower_logreg/manifest.json,45b16d99ba887f3e57888ffadcecc4e015d890b4ee40697c07d35254145cdd2e,0.6111111111111112,0.6111111111111112,0.6273148148148148,0.5625,0.24232967895608967,0.0085,0.008608699999999999,0.009208049999999999,116161.5574941629,1,10,100,"[3, 750]"
BNCI2014_001,2,bandpower_logreg,dropout_1,none,144,144,0.0015850420168135315,3.8444444444444436e-05,BNCI2014_001_2_bandpower_logreg_dropout_1_none.npz,models/55a603085d09a22c/BNCI2014_001/2/bandpower_logreg/manifest.json,45b16d99ba887f3e57888ffadcecc4e015d890b4ee40697c07d35254145cdd2e,0.5,0.5,0.5572916666666666,0.0,0.5,0.0085,0.008608699999999999,0.009208049999999999,116161.5574941629,1,10,100,"[3, 750]"
BNCI2014_001,2,bandpower_logreg,dropout_1,unlabeled_rms,144,144,0.0015850420168135315,0.008810777777777778,BNCI2014_001_2_bandpower_logreg_dropout_1_unlabeled_rms.npz,models/55a603085d09a22c/BNCI2014_001/2/bandpower_logreg/manifest.json,45b16d99ba887f3e57888ffadcecc4e015d890b4ee40697c07d35254145cdd2e,0.5,0.5,0.5706018518518519,0.0,0.5,0.0085,0.008608699999999999,0.009208049999999999,116161.5574941629,1,10,100,"[3, 750]"
BNCI2014_001,2,bandpower_logreg,dropout_2,none,144,144,0.0015850420168135315,4.5375e-05,BNCI2014_001_2_bandpower_logreg_dropout_2_none.npz,models/55a603085d09a22c/BNCI2014_001/2/bandpower_logreg/manifest.json,45b16d99ba887f3e57888ffadcecc4e015d890b4ee40697c07d35254145cdd2e,0.5,0.5,0.5574845679012346,0.0,0.5,0.0085,0.008608699999999999,0.009208049999999999,116161.5574941629,1,10,100,"[3, 750]"
BNCI2014_001,2,bandpower_logreg,dropout_2,unlabeled_rms,144,144,0.0015850420168135315,0.009083326388888889,BNCI2014_001_2_bandpower_logreg_dropout_2_unlabeled_rms.npz,models/55a603085d09a22c/BNCI2014_001/2/bandpower_logreg/manifest.json,45b16d99ba887f3e57888ffadcecc4e015d890b4ee40697c07d35254145cdd2e,0.5,0.5,0.5677083333333333,0.0,0.5,0.0085,0.008608699999999999,0.009208049999999999,116161.5574941629,1,10,100,"[3, 750]"
BNCI2014_001,2,bandpower_logreg,amplitude_2,none,144,144,0.0015850420168135315,4.595833333333334e-05,BNCI2014_001_2_bandpower_logreg_amplitude_2_none.npz,models/55a603085d09a22c/BNCI2014_001/2/bandpower_logreg/manifest.json,45b16d99ba887f3e57888ffadcecc4e015d890b4ee40697c07d35254145cdd2e,0.5,0.5,0.556712962962963,0.0,0.27227860441337,0.0085,0.008608699999999999,0.009208049999999999,116161.5574941629,1,10,100,"[3, 750]"
BNCI2014_001,2,bandpower_logreg,amplitude_2,unlabeled_rms,144,144,0.0015850420168135315,0.008463236111111112,BNCI2014_001_2_bandpower_logreg_amplitude_2_unlabeled_rms.npz,models/55a603085d09a22c/BNCI2014_001/2/bandpower_logreg/manifest.json,45b16d99ba887f3e57888ffadcecc4e015d890b4ee40697c07d35254145cdd2e,0.5347222222222222,0.5347222222222222,0.5621141975308642,0.5037037037037037,0.24608120803654865,0.0085,0.008608699999999999,0.009208049999999999,116161.5574941629,1,10,100,"[3, 750]"
BNCI2014_001,2,bandpower_logreg,drift_2,none,144,144,0.0015850420168135315,3.842361111111111e-05,BNCI2014_001_2_bandpower_logreg_drift_2_none.npz,models/55a603085d09a22c/BNCI2014_001/2/bandpower_logreg/manifest.json,45b16d99ba887f3e57888ffadcecc4e015d890b4ee40697c07d35254145cdd2e,0.5277777777777778,0.5277777777777778,0.556712962962963,0.43333333333333335,0.24695746504122532,0.0085,0.008608699999999999,0.009208049999999999,116161.5574941629,1,10,100,"[3, 750]"
BNCI2014_001,2,bandpower_logreg,drift_2,unlabeled_rms,144,144,0.0015850420168135315,0.008570868055555557,BNCI2014_001_2_bandpower_logreg_drift_2_unlabeled_rms.npz,models/55a603085d09a22c/BNCI2014_001/2/bandpower_logreg/manifest.json,45b16d99ba887f3e57888ffadcecc4e015d890b4ee40697c07d35254145cdd2e,0.5347222222222222,0.5347222222222222,0.5621141975308642,0.5037037037037037,0.24608148923478193,0.0085,0.008608699999999999,0.009208049999999999,116161.5574941629,1,10,100,"[3, 750]"
BNCI2014_001,2,bandpower_logreg,mixed,none,144,144,0.0015850420168135315,4.6555555555555556e-05,BNCI2014_001_2_bandpower_logreg_mixed_none.npz,models/55a603085d09a22c/BNCI2014_001/2/bandpower_logreg/manifest.json,45b16d99ba887f3e57888ffadcecc4e015d890b4ee40697c07d35254145cdd2e,0.5,0.5,0.6392746913580247,0.0,0.2774062705358252,0.0085,0.008608699999999999,0.009208049999999999,116161.5574941629,1,10,100,"[3, 750]"
BNCI2014_001,2,bandpower_logreg,mixed,unlabeled_rms,144,144,0.0015850420168135315,0.008813097222222224,BNCI2014_001_2_bandpower_logreg_mixed_unlabeled_rms.npz,models/55a603085d09a22c/BNCI2014_001/2/bandpower_logreg/manifest.json,45b16d99ba887f3e57888ffadcecc4e015d890b4ee40697c07d35254145cdd2e,0.6041666666666666,0.6041666666666666,0.6481481481481481,0.5777777777777777,0.24177155189407953,0.0085,0.008608699999999999,0.009208049999999999,116161.5574941629,1,10,100,"[3, 750]"
BNCI2014_001,2,csp_lda,clean,none,144,144,0.008460832992568612,3.931249999999999e-05,BNCI2014_001_2_csp_lda_clean_none.npz,models/55a603085d09a22c/BNCI2014_001/2/csp_lda/manifest.json,b2ce0d7c91bc78e17fe2a921f7021b28b1ab49764aa0552a1cb48356c31163d4,0.5347222222222222,0.5347222222222222,0.5289351851851851,0.5179856115107914,0.2578668628959937,0.010708,0.010747019999999998,0.01108715,93049.04987615174,1,10,100,"[3, 750]"
BNCI2014_001,2,csp_lda,noise_0.5,none,144,144,0.008460832992568612,4.4812500000000005e-05,BNCI2014_001_2_csp_lda_noise_0.5_none.npz,models/55a603085d09a22c/BNCI2014_001/2/csp_lda/manifest.json,b2ce0d7c91bc78e17fe2a921f7021b28b1ab49764aa0552a1cb48356c31163d4,0.5,0.5,0.5628858024691359,0.6666666666666666,0.30242243231537613,0.010708,0.010747019999999998,0.01108715,93049.04987615174,1,10,100,"[3, 750]"
BNCI2014_001,2,csp_lda,noise_0.5,unlabeled_rms,144,144,0.008460832992568612,0.008904277777777778,BNCI2014_001_2_csp_lda_noise_0.5_unlabeled_rms.npz,models/55a603085d09a22c/BNCI2014_001/2/csp_lda/manifest.json,b2ce0d7c91bc78e17fe2a921f7021b28b1ab49764aa0552a1cb48356c31163d4,0.5625,0.5625,0.5597993827160493,0.5987261146496815,0.2608150137752908,0.010708,0.010747019999999998,0.01108715,93049.04987615174,1,10,100,"[3, 750]"
BNCI2014_001,2,csp_lda,noise_1,none,144,144,0.008460832992568612,4.167361111111111e-05,BNCI2014_001_2_csp_lda_noise_1_none.npz,models/55a603085d09a22c/BNCI2014_001/2/csp_lda/manifest.json,b2ce0d7c91bc78e17fe2a921f7021b28b1ab49764aa0552a1cb48356c31163d4,0.5,0.5,0.5794753086419753,0.6666666666666666,0.4109548966152695,0.010708,0.010747019999999998,0.01108715,93049.04987615174,1,10,100,"[3, 750]"
BNCI2014_001,2,csp_lda,noise_1,unlabeled_rms,144,144,0.008460832992568612,0.008699645833333334,BNCI2014_001_2_csp_lda_noise_1_unlabeled_rms.npz,models/55a603085d09a22c/BNCI2014_001/2/csp_lda/manifest.json,b2ce0d7c91bc78e17fe2a921f7021b28b1ab49764aa0552a1cb48356c31163d4,0.5069444444444444,0.5069444444444444,0.5619212962962963,0.6697674418604651,0.3391866128223949,0.010708,0.010747019999999998,0.01108715,93049.04987615174,1,10,100,"[3, 750]"
BNCI2014_001,2,csp_lda,noise_2,none,144,144,0.008460832992568612,3.985416666666667e-05,BNCI2014_001_2_csp_lda_noise_2_none.npz,models/55a603085d09a22c/BNCI2014_001/2/csp_lda/manifest.json,b2ce0d7c91bc78e17fe2a921f7021b28b1ab49764aa0552a1cb48356c31163d4,0.5,0.5,0.5895061728395062,0.6666666666666666,0.4765380068425455,0.010708,0.010747019999999998,0.01108715,93049.04987615174,1,10,100,"[3, 750]"
BNCI2014_001,2,csp_lda,noise_2,unlabeled_rms,144,144,0.008460832992568612,0.008695597222222223,BNCI2014_001_2_csp_lda_noise_2_unlabeled_rms.npz,models/55a603085d09a22c/BNCI2014_001/2/csp_lda/manifest.json,b2ce0d7c91bc78e17fe2a921f7021b28b1ab49764aa0552a1cb48356c31163d4,0.5,0.5,0.5686728395061729,0.6666666666666666,0.4425679662105635,0.010708,0.010747019999999998,0.01108715,93049.04987615174,1,10,100,"[3, 750]"
BNCI2014_001,2,csp_lda,dropout_1,none,144,144,0.008460832992568612,4.136111111111111e-05,BNCI2014_001_2_csp_lda_dropout_1_none.npz,models/55a603085d09a22c/BNCI2014_001/2/csp_lda/manifest.json,b2ce0d7c91bc78e17fe2a921f7021b28b1ab49764aa0552a1cb48356c31163d4,0.5,0.5,0.44907407407407407,0.6666666666666666,0.4433286222524424,0.010708,0.010747019999999998,0.01108715,93049.04987615174,1,10,100,"[3, 750]"
BNCI2014_001,2,csp_lda,dropout_1,unlabeled_rms,144,144,0.008460832992568612,0.008586541666666666,BNCI2014_001_2_csp_lda_dropout_1_unlabeled_rms.npz,models/55a603085d09a22c/BNCI2014_001/2/csp_lda/manifest.json,b2ce0d7c91bc78e17fe2a921f7021b28b1ab49764aa0552a1cb48356c31163d4,0.5,0.5,0.4359567901234568,0.6666666666666666,0.41992440666295655,0.010708,0.010747019999999998,0.01108715,93049.04987615174,1,10,100,"[3, 750]"
BNCI2014_001,2,csp_lda,dropout_2,none,144,144,0.008460832992568612,4.831250000000001e-05,BNCI2014_001_2_csp_lda_dropout_2_none.npz,models/55a603085d09a22c/BNCI2014_001/2/csp_lda/manifest.json,b2ce0d7c91bc78e17fe2a921f7021b28b1ab49764aa0552a1cb48356c31163d4,0.5,0.5,0.4425154320987655,0.6666666666666666,0.4521354613353815,0.010708,0.010747019999999998,0.01108715,93049.04987615174,1,10,100,"[3, 750]"
BNCI2014_001,2,csp_lda,dropout_2,unlabeled_rms,144,144,0.008460832992568612,0.008904513888888889,BNCI2014_001_2_csp_lda_dropout_2_unlabeled_rms.npz,models/55a603085d09a22c/BNCI2014_001/2/csp_lda/manifest.json,b2ce0d7c91bc78e17fe2a921f7021b28b1ab49764aa0552a1cb48356c31163d4,0.5,0.5,0.43229166666666663,0.6666666666666666,0.43216942080723647,0.010708,0.010747019999999998,0.01108715,93049.04987615174,1,10,100,"[3, 750]"
BNCI2014_001,2,csp_lda,amplitude_2,none,144,144,0.008460832992568612,4.136805555555556e-05,BNCI2014_001_2_csp_lda_amplitude_2_none.npz,models/55a603085d09a22c/BNCI2014_001/2/csp_lda/manifest.json,b2ce0d7c91bc78e17fe2a921f7021b28b1ab49764aa0552a1cb48356c31163d4,0.4930555555555556,0.4930555555555555,0.5289351851851851,0.6572769953051644,0.28705603950135417,0.010708,0.010747019999999998,0.01108715,93049.04987615174,1,10,100,"[3, 750]"
BNCI2014_001,2,csp_lda,amplitude_2,unlabeled_rms,144,144,0.008460832992568612,0.009078472222222222,BNCI2014_001_2_csp_lda_amplitude_2_unlabeled_rms.npz,models/55a603085d09a22c/BNCI2014_001/2/csp_lda/manifest.json,b2ce0d7c91bc78e17fe2a921f7021b28b1ab49764aa0552a1cb48356c31163d4,0.4930555555555556,0.4930555555555556,0.5551697530864198,0.21505376344086022,0.3069997663515893,0.010708,0.010747019999999998,0.01108715,93049.04987615174,1,10,100,"[3, 750]"
BNCI2014_001,2,csp_lda,drift_2,none,144,144,0.008460832992568612,4.8569444444444445e-05,BNCI2014_001_2_csp_lda_drift_2_none.npz,models/55a603085d09a22c/BNCI2014_001/2/csp_lda/manifest.json,b2ce0d7c91bc78e17fe2a921f7021b28b1ab49764aa0552a1cb48356c31163d4,0.5347222222222222,0.5347222222222222,0.5289351851851851,0.5179856115107914,0.2578681676464002,0.010708,0.010747019999999998,0.01108715,93049.04987615174,1,10,100,"[3, 750]"
BNCI2014_001,2,csp_lda,drift_2,unlabeled_rms,144,144,0.008460832992568612,0.009203458333333334,BNCI2014_001_2_csp_lda_drift_2_unlabeled_rms.npz,models/55a603085d09a22c/BNCI2014_001/2/csp_lda/manifest.json,b2ce0d7c91bc78e17fe2a921f7021b28b1ab49764aa0552a1cb48356c31163d4,0.4930555555555556,0.4930555555555556,0.5551697530864198,0.21505376344086022,0.30700059787773293,0.010708,0.010747019999999998,0.01108715,93049.04987615174,1,10,100,"[3, 750]"
BNCI2014_001,2,csp_lda,mixed,none,144,144,0.008460832992568612,4.2562500000000005e-05,BNCI2014_001_2_csp_lda_mixed_none.npz,models/55a603085d09a22c/BNCI2014_001/2/csp_lda/manifest.json,b2ce0d7c91bc78e17fe2a921f7021b28b1ab49764aa0552a1cb48356c31163d4,0.5,0.5,0.5794753086419753,0.6666666666666666,0.45408714199897865,0.010708,0.010747019999999998,0.01108715,93049.04987615174,1,10,100,"[3, 750]"
BNCI2014_001,2,csp_lda,mixed,unlabeled_rms,144,144,0.008460832992568612,0.008855618055555556,BNCI2014_001_2_csp_lda_mixed_unlabeled_rms.npz,models/55a603085d09a22c/BNCI2014_001/2/csp_lda/manifest.json,b2ce0d7c91bc78e17fe2a921f7021b28b1ab49764aa0552a1cb48356c31163d4,0.5069444444444444,0.5069444444444444,0.5640432098765432,0.6697674418604651,0.34026751381885467,0.010708,0.010747019999999998,0.01108715,93049.04987615174,1,10,100,"[3, 750]"
BNCI2014_001,2,eegnet,clean,none,144,144,3.0244021249818616,4.4534722222222224e-05,BNCI2014_001_2_eegnet_clean_none.npz,models/55a603085d09a22c/BNCI2014_001/2/eegnet/manifest.json,e79f76aef808f6b6273b9e25e7b9c30b7362b3b341609eef993a8e7df9a96444,0.5208333333333334,0.5208333333333334,0.5646219135802468,0.2247191011235955,0.24698083102703094,0.178354,0.17972165,0.18872115,5564.159910617335,1,10,100,"[3, 750]"
BNCI2014_001,2,eegnet,noise_0.5,none,144,144,3.0244021249818616,4.6534722222222225e-05,BNCI2014_001_2_eegnet_noise_0.5_none.npz,models/55a603085d09a22c/BNCI2014_001/2/eegnet/manifest.json,e79f76aef808f6b6273b9e25e7b9c30b7362b3b341609eef993a8e7df9a96444,0.5277777777777778,0.5277777777777778,0.5769675925925927,0.22727272727272727,0.24698325991630554,0.178354,0.17972165,0.18872115,5564.159910617335,1,10,100,"[3, 750]"
BNCI2014_001,2,eegnet,noise_0.5,unlabeled_rms,144,144,3.0244021249818616,0.011085041666666665,BNCI2014_001_2_eegnet_noise_0.5_unlabeled_rms.npz,models/55a603085d09a22c/BNCI2014_001/2/eegnet/manifest.json,e79f76aef808f6b6273b9e25e7b9c30b7362b3b341609eef993a8e7df9a96444,0.5555555555555556,0.5555555555555556,0.5719521604938272,0.5789473684210527,0.24777010083198547,0.178354,0.17972165,0.18872115,5564.159910617335,1,10,100,"[3, 750]"
BNCI2014_001,2,eegnet,noise_1,none,144,144,3.0244021249818616,4.804861111111111e-05,BNCI2014_001_2_eegnet_noise_1_none.npz,models/55a603085d09a22c/BNCI2014_001/2/eegnet/manifest.json,e79f76aef808f6b6273b9e25e7b9c30b7362b3b341609eef993a8e7df9a96444,0.5277777777777778,0.5277777777777778,0.5893132716049383,0.20930232558139536,0.24709902703762054,0.178354,0.17972165,0.18872115,5564.159910617335,1,10,100,"[3, 750]"
BNCI2014_001,2,eegnet,noise_1,unlabeled_rms,144,144,3.0244021249818616,0.011083041666666663,BNCI2014_001_2_eegnet_noise_1_unlabeled_rms.npz,models/55a603085d09a22c/BNCI2014_001/2/eegnet/manifest.json,e79f76aef808f6b6273b9e25e7b9c30b7362b3b341609eef993a8e7df9a96444,0.5486111111111112,0.548611111111111,0.5860339506172839,0.5859872611464968,0.24777446687221527,0.178354,0.17972165,0.18872115,5564.159910617335,1,10,100,"[3, 750]"
BNCI2014_001,2,eegnet,noise_2,none,144,144,3.0244021249818616,4.89375e-05,BNCI2014_001_2_eegnet_noise_2_none.npz,models/55a603085d09a22c/BNCI2014_001/2/eegnet/manifest.json,e79f76aef808f6b6273b9e25e7b9c30b7362b3b341609eef993a8e7df9a96444,0.5277777777777778,0.5277777777777778,0.6006944444444444,0.15,0.2478356659412384,0.178354,0.17972165,0.18872115,5564.159910617335,1,10,100,"[3, 750]"
BNCI2014_001,2,eegnet,noise_2,unlabeled_rms,144,144,3.0244021249818616,0.011069402777777777,BNCI2014_001_2_eegnet_noise_2_unlabeled_rms.npz,models/55a603085d09a22c/BNCI2014_001/2/eegnet/manifest.json,e79f76aef808f6b6273b9e25e7b9c30b7362b3b341609eef993a8e7df9a96444,0.5277777777777778,0.5277777777777778,0.5989583333333335,0.5952380952380952,0.24805447459220886,0.178354,0.17972165,0.18872115,5564.159910617335,1,10,100,"[3, 750]"
BNCI2014_001,2,eegnet,dropout_1,none,144,144,3.0244021249818616,4.686111111111111e-05,BNCI2014_001_2_eegnet_dropout_1_none.npz,models/55a603085d09a22c/BNCI2014_001/2/eegnet/manifest.json,e79f76aef808f6b6273b9e25e7b9c30b7362b3b341609eef993a8e7df9a96444,0.5694444444444444,0.5694444444444444,0.5295138888888888,0.6736842105263158,0.24894650280475616,0.178354,0.17972165,0.18872115,5564.159910617335,1,10,100,"[3, 750]"
BNCI2014_001,2,eegnet,dropout_1,unlabeled_rms,144,144,3.0244021249818616,0.01103098611111111,BNCI2014_001_2_eegnet_dropout_1_unlabeled_rms.npz,models/55a603085d09a22c/BNCI2014_001/2/eegnet/manifest.json,e79f76aef808f6b6273b9e25e7b9c30b7362b3b341609eef993a8e7df9a96444,0.5208333333333334,0.5208333333333334,0.5239197530864198,0.6698564593301436,0.24992969632148743,0.178354,0.17972165,0.18872115,5564.159910617335,1,10,100,"[3, 750]"
BNCI2014_001,2,eegnet,dropout_2,none,144,144,3.0244021249818616,5.470138888888889e-05,BNCI2014_001_2_eegnet_dropout_2_none.npz,models/55a603085d09a22c/BNCI2014_001/2/eegnet/manifest.json,e79f76aef808f6b6273b9e25e7b9c30b7362b3b341609eef993a8e7df9a96444,0.5138888888888888,0.5138888888888888,0.5407021604938271,0.6666666666666666,0.24962353706359863,0.178354,0.17972165,0.18872115,5564.159910617335,1,10,100,"[3, 750]"
BNCI2014_001,2,eegnet,dropout_2,unlabeled_rms,144,144,3.0244021249818616,0.011252624999999997,BNCI2014_001_2_eegnet_dropout_2_unlabeled_rms.npz,models/55a603085d09a22c/BNCI2014_001/2/eegnet/manifest.json,e79f76aef808f6b6273b9e25e7b9c30b7362b3b341609eef993a8e7df9a96444,0.5,0.5,0.5285493827160495,0.6666666666666666,0.25035735964775085,0.178354,0.17972165,0.18872115,5564.159910617335,1,10,100,"[3, 750]"
BNCI2014_001,2,eegnet,amplitude_2,none,144,144,3.0244021249818616,5.1576388888888894e-05,BNCI2014_001_2_eegnet_amplitude_2_none.npz,models/55a603085d09a22c/BNCI2014_001/2/eegnet/manifest.json,e79f76aef808f6b6273b9e25e7b9c30b7362b3b341609eef993a8e7df9a96444,0.5069444444444444,0.5069444444444444,0.5754243827160495,0.0273972602739726,0.26034361124038696,0.178354,0.17972165,0.18872115,5564.159910617335,1,10,100,"[3, 750]"
BNCI2014_001,2,eegnet,amplitude_2,unlabeled_rms,144,144,3.0244021249818616,0.011003756944444443,BNCI2014_001_2_eegnet_amplitude_2_unlabeled_rms.npz,models/55a603085d09a22c/BNCI2014_001/2/eegnet/manifest.json,e79f76aef808f6b6273b9e25e7b9c30b7362b3b341609eef993a8e7df9a96444,0.5555555555555556,0.5555555555555556,0.5590277777777778,0.5675675675675675,0.2478240579366684,0.178354,0.17972165,0.18872115,5564.159910617335,1,10,100,"[3, 750]"
BNCI2014_001,2,eegnet,drift_2,none,144,144,3.0244021249818616,5.1847222222222225e-05,BNCI2014_001_2_eegnet_drift_2_none.npz,models/55a603085d09a22c/BNCI2014_001/2/eegnet/manifest.json,e79f76aef808f6b6273b9e25e7b9c30b7362b3b341609eef993a8e7df9a96444,0.5208333333333334,0.5208333333333334,0.5646219135802468,0.2247191011235955,0.24698050320148468,0.178354,0.17972165,0.18872115,5564.159910617335,1,10,100,"[3, 750]"
BNCI2014_001,2,eegnet,drift_2,unlabeled_rms,144,144,3.0244021249818616,0.010920479166666663,BNCI2014_001_2_eegnet_drift_2_unlabeled_rms.npz,models/55a603085d09a22c/BNCI2014_001/2/eegnet/manifest.json,e79f76aef808f6b6273b9e25e7b9c30b7362b3b341609eef993a8e7df9a96444,0.5555555555555556,0.5555555555555556,0.5590277777777778,0.5675675675675675,0.24782387912273407,0.178354,0.17972165,0.18872115,5564.159910617335,1,10,100,"[3, 750]"
BNCI2014_001,2,eegnet,mixed,none,144,144,3.0244021249818616,4.861805555555556e-05,BNCI2014_001_2_eegnet_mixed_none.npz,models/55a603085d09a22c/BNCI2014_001/2/eegnet/manifest.json,e79f76aef808f6b6273b9e25e7b9c30b7362b3b341609eef993a8e7df9a96444,0.5069444444444444,0.5069444444444444,0.5933641975308642,0.0273972602739726,0.26106035709381104,0.178354,0.17972165,0.18872115,5564.159910617335,1,10,100,"[3, 750]"
BNCI2014_001,2,eegnet,mixed,unlabeled_rms,144,144,3.0244021249818616,0.011120680555555554,BNCI2014_001_2_eegnet_mixed_unlabeled_rms.npz,models/55a603085d09a22c/BNCI2014_001/2/eegnet/manifest.json,e79f76aef808f6b6273b9e25e7b9c30b7362b3b341609eef993a8e7df9a96444,0.5486111111111112,0.548611111111111,0.5866126543209876,0.5859872611464968,0.24775689840316772,0.178354,0.17972165,0.18872115,5564.159910617335,1,10,100,"[3, 750]"
BNCI2014_001,3,bandpower_logreg,clean,none,144,144,0.0015479580033570528,4.079861111111111e-05,BNCI2014_001_3_bandpower_logreg_clean_none.npz,models/55a603085d09a22c/BNCI2014_001/3/bandpower_logreg/manifest.json,d4d644a89cacd837c5cd146f000104279ede4bf515442c9d444a7c9fd238fad8,0.8472222222222222,0.8472222222222222,0.9415509259259258,0.8641975308641975,0.11295386603179544,0.008417,0.008550789999999999,0.00916905,116948.2585819556,1,10,100,"[3, 750]"
BNCI2014_001,3,bandpower_logreg,noise_0.5,none,144,144,0.0015479580033570528,4.2229166666666665e-05,BNCI2014_001_3_bandpower_logreg_noise_0.5_none.npz,models/55a603085d09a22c/BNCI2014_001/3/bandpower_logreg/manifest.json,d4d644a89cacd837c5cd146f000104279ede4bf515442c9d444a7c9fd238fad8,0.8194444444444444,0.8194444444444444,0.916087962962963,0.8414634146341463,0.13521540107116675,0.008417,0.008550789999999999,0.00916905,116948.2585819556,1,10,100,"[3, 750]"
BNCI2014_001,3,bandpower_logreg,noise_0.5,unlabeled_rms,144,144,0.0015479580033570528,0.00872017361111111,BNCI2014_001_3_bandpower_logreg_noise_0.5_unlabeled_rms.npz,models/55a603085d09a22c/BNCI2014_001/3/bandpower_logreg/manifest.json,d4d644a89cacd837c5cd146f000104279ede4bf515442c9d444a7c9fd238fad8,0.7986111111111112,0.7986111111111112,0.921875,0.8079470198675497,0.11995083153374969,0.008417,0.008550789999999999,0.00916905,116948.2585819556,1,10,100,"[3, 750]"
BNCI2014_001,3,bandpower_logreg,noise_1,none,144,144,0.0015479580033570528,3.9631944444444445e-05,BNCI2014_001_3_bandpower_logreg_noise_1_none.npz,models/55a603085d09a22c/BNCI2014_001/3/bandpower_logreg/manifest.json,d4d644a89cacd837c5cd146f000104279ede4bf515442c9d444a7c9fd238fad8,0.6875,0.6875,0.8425925925925927,0.7398843930635838,0.1858630831046408,0.008417,0.008550789999999999,0.00916905,116948.2585819556,1,10,100,"[3, 750]"
BNCI2014_001,3,bandpower_logreg,noise_1,unlabeled_rms,144,144,0.0015479580033570528,0.008575243055555555,BNCI2014_001_3_bandpower_logreg_noise_1_unlabeled_rms.npz,models/55a603085d09a22c/BNCI2014_001/3/bandpower_logreg/manifest.json,d4d644a89cacd837c5cd146f000104279ede4bf515442c9d444a7c9fd238fad8,0.7569444444444444,0.7569444444444444,0.8478009259259259,0.7619047619047619,0.16014951810637476,0.008417,0.008550789999999999,0.00916905,116948.2585819556,1,10,100,"[3, 750]"
BNCI2014_001,3,bandpower_logreg,noise_2,none,144,144,0.0015479580033570528,4.050694444444444e-05,BNCI2014_001_3_bandpower_logreg_noise_2_none.npz,models/55a603085d09a22c/BNCI2014_001/3/bandpower_logreg/manifest.json,d4d644a89cacd837c5cd146f000104279ede4bf515442c9d444a7c9fd238fad8,0.5902777777777778,0.5902777777777778,0.695216049382716,0.6878306878306878,0.2664921283827896,0.008417,0.008550789999999999,0.00916905,116948.2585819556,1,10,100,"[3, 750]"
BNCI2014_001,3,bandpower_logreg,noise_2,unlabeled_rms,144,144,0.0015479580033570528,0.008865145833333333,BNCI2014_001_3_bandpower_logreg_noise_2_unlabeled_rms.npz,models/55a603085d09a22c/BNCI2014_001/3/bandpower_logreg/manifest.json,d4d644a89cacd837c5cd146f000104279ede4bf515442c9d444a7c9fd238fad8,0.625,0.625,0.6967592592592593,0.64,0.22796648691171453,0.008417,0.008550789999999999,0.00916905,116948.2585819556,1,10,100,"[3, 750]"
BNCI2014_001,3,bandpower_logreg,dropout_1,none,144,144,0.0015479580033570528,3.9277777777777774e-05,BNCI2014_001_3_bandpower_logreg_dropout_1_none.npz,models/55a603085d09a22c/BNCI2014_001/3/bandpower_logreg/manifest.json,d4d644a89cacd837c5cd146f000104279ede4bf515442c9d444a7c9fd238fad8,0.5,0.5,0.5,0.6666666666666666,0.5,0.008417,0.008550789999999999,0.00916905,116948.2585819556,1,10,100,"[3, 750]"
BNCI2014_001,3,bandpower_logreg,dropout_1,unlabeled_rms,144,144,0.0015479580033570528,0.008655375,BNCI2014_001_3_bandpower_logreg_dropout_1_unlabeled_rms.npz,models/55a603085d09a22c/BNCI2014_001/3/bandpower_logreg/manifest.json,d4d644a89cacd837c5cd146f000104279ede4bf515442c9d444a7c9fd238fad8,0.5,0.5,0.5,0.6666666666666666,0.5,0.008417,0.008550789999999999,0.00916905,116948.2585819556,1,10,100,"[3, 750]"
BNCI2014_001,3,bandpower_logreg,dropout_2,none,144,144,0.0015479580033570528,4.1645833333333334e-05,BNCI2014_001_3_bandpower_logreg_dropout_2_none.npz,models/55a603085d09a22c/BNCI2014_001/3/bandpower_logreg/manifest.json,d4d644a89cacd837c5cd146f000104279ede4bf515442c9d444a7c9fd238fad8,0.5,0.5,0.4135802469135803,0.0,0.5,0.008417,0.008550789999999999,0.00916905,116948.2585819556,1,10,100,"[3, 750]"
BNCI2014_001,3,bandpower_logreg,dropout_2,unlabeled_rms,144,144,0.0015479580033570528,0.008719347222222222,BNCI2014_001_3_bandpower_logreg_dropout_2_unlabeled_rms.npz,models/55a603085d09a22c/BNCI2014_001/3/bandpower_logreg/manifest.json,d4d644a89cacd837c5cd146f000104279ede4bf515442c9d444a7c9fd238fad8,0.5,0.5,0.4050925925925926,0.0,0.5,0.008417,0.008550789999999999,0.00916905,116948.2585819556,1,10,100,"[3, 750]"
BNCI2014_001,3,bandpower_logreg,amplitude_2,none,144,144,0.0015479580033570528,3.875e-05,BNCI2014_001_3_bandpower_logreg_amplitude_2_none.npz,models/55a603085d09a22c/BNCI2014_001/3/bandpower_logreg/manifest.json,d4d644a89cacd837c5cd146f000104279ede4bf515442c9d444a7c9fd238fad8,0.7777777777777778,0.7777777777777778,0.9415509259259258,0.8181818181818182,0.16061660699354496,0.008417,0.008550789999999999,0.00916905,116948.2585819556,1,10,100,"[3, 750]"
BNCI2014_001,3,bandpower_logreg,amplitude_2,unlabeled_rms,144,144,0.0015479580033570528,0.008684895833333333,BNCI2014_001_3_bandpower_logreg_amplitude_2_unlabeled_rms.npz,models/55a603085d09a22c/BNCI2014_001/3/bandpower_logreg/manifest.json,d4d644a89cacd837c5cd146f000104279ede4bf515442c9d444a7c9fd238fad8,0.875,0.875,0.943287037037037,0.88,0.10414677773517932,0.008417,0.008550789999999999,0.00916905,116948.2585819556,1,10,100,"[3, 750]"
BNCI2014_001,3,bandpower_logreg,drift_2,none,144,144,0.0015479580033570528,4.2777777777777785e-05,BNCI2014_001_3_bandpower_logreg_drift_2_none.npz,models/55a603085d09a22c/BNCI2014_001/3/bandpower_logreg/manifest.json,d4d644a89cacd837c5cd146f000104279ede4bf515442c9d444a7c9fd238fad8,0.8472222222222222,0.8472222222222222,0.9415509259259258,0.8641975308641975,0.11295384502838172,0.008417,0.008550789999999999,0.00916905,116948.2585819556,1,10,100,"[3, 750]"
BNCI2014_001,3,bandpower_logreg,drift_2,unlabeled_rms,144,144,0.0015479580033570528,0.008429069444444444,BNCI2014_001_3_bandpower_logreg_drift_2_unlabeled_rms.npz,models/55a603085d09a22c/BNCI2014_001/3/bandpower_logreg/manifest.json,d4d644a89cacd837c5cd146f000104279ede4bf515442c9d444a7c9fd238fad8,0.875,0.875,0.943287037037037,0.88,0.10414714015344459,0.008417,0.008550789999999999,0.00916905,116948.2585819556,1,10,100,"[3, 750]"
BNCI2014_001,3,bandpower_logreg,mixed,none,144,144,0.0015479580033570528,4.340277777777778e-05,BNCI2014_001_3_bandpower_logreg_mixed_none.npz,models/55a603085d09a22c/BNCI2014_001/3/bandpower_logreg/manifest.json,d4d644a89cacd837c5cd146f000104279ede4bf515442c9d444a7c9fd238fad8,0.6388888888888888,0.6388888888888888,0.8425925925925927,0.7291666666666666,0.24673515368333293,0.008417,0.008550789999999999,0.00916905,116948.2585819556,1,10,100,"[3, 750]"
BNCI2014_001,3,bandpower_logreg,mixed,unlabeled_rms,144,144,0.0015479580033570528,0.008678798611111113,BNCI2014_001_3_bandpower_logreg_mixed_unlabeled_rms.npz,models/55a603085d09a22c/BNCI2014_001/3/bandpower_logreg/manifest.json,d4d644a89cacd837c5cd146f000104279ede4bf515442c9d444a7c9fd238fad8,0.7569444444444444,0.7569444444444444,0.8478009259259259,0.7619047619047619,0.16014951810637476,0.008417,0.008550789999999999,0.00916905,116948.2585819556,1,10,100,"[3, 750]"
BNCI2014_001,3,csp_lda,clean,none,144,144,0.008208249986637384,4.186805555555555e-05,BNCI2014_001_3_csp_lda_clean_none.npz,models/55a603085d09a22c/BNCI2014_001/3/csp_lda/manifest.json,fad69d2e07a89fc7dc4656756bfdaa93a1f131145adc0203c77d27c2335fdbfc,0.875,0.875,0.980516975308642,0.8860759493670886,0.08470243681550597,0.0107085,0.010765799999999999,0.011004199999999999,92886.73391666204,1,10,100,"[3, 750]"
BNCI2014_001,3,csp_lda,noise_0.5,none,144,144,0.008208249986637384,4.2270833333333335e-05,BNCI2014_001_3_csp_lda_noise_0.5_none.npz,models/55a603085d09a22c/BNCI2014_001/3/csp_lda/manifest.json,fad69d2e07a89fc7dc4656756bfdaa93a1f131145adc0203c77d27c2335fdbfc,0.5208333333333334,0.5208333333333334,0.9029706790123457,0.676056338028169,0.40255775287363194,0.0107085,0.010765799999999999,0.011004199999999999,92886.73391666204,1,10,100,"[3, 750]"
BNCI2014_001,3,csp_lda,noise_0.5,unlabeled_rms,144,144,0.008208249986637384,0.008889708333333335,BNCI2014_001_3_csp_lda_noise_0.5_unlabeled_rms.npz,models/55a603085d09a22c/BNCI2014_001/3/csp_lda/manifest.json,fad69d2e07a89fc7dc4656756bfdaa93a1f131145adc0203c77d27c2335fdbfc,0.5347222222222222,0.5347222222222222,0.912229938271605,0.6824644549763034,0.3735052159517547,0.0107085,0.010765799999999999,0.011004199999999999,92886.73391666204,1,10,100,"[3, 750]"
BNCI2014_001,3,csp_lda,noise_1,none,144,144,0.008208249986637384,3.674305555555556e-05,BNCI2014_001_3_csp_lda_noise_1_none.npz,models/55a603085d09a22c/BNCI2014_001/3/csp_lda/manifest.json,fad69d2e07a89fc7dc4656756bfdaa93a1f131145adc0203c77d27c2335fdbfc,0.5,0.5,0.7272376543209877,0.6666666666666666,0.49158763008275863,0.0107085,0.010765799999999999,0.011004199999999999,92886.73391666204,1,10,100,"[3, 750]"
BNCI2014_001,3,csp_lda,noise_1,unlabeled_rms,144,144,0.008208249986637384,0.008795708333333334,BNCI2014_001_3_csp_lda_noise_1_unlabeled_rms.npz,models/55a603085d09a22c/BNCI2014_001/3/csp_lda/manifest.json,fad69d2e07a89fc7dc4656756bfdaa93a1f131145adc0203c77d27c2335fdbfc,0.5,0.5,0.7409336419753086,0.6666666666666666,0.48383966828733427,0.0107085,0.010765799999999999,0.011004199999999999,92886.73391666204,1,10,100,"[3, 750]"
BNCI2014_001,3,csp_lda,noise_2,none,144,144,0.008208249986637384,3.961805555555556e-05,BNCI2014_001_3_csp_lda_noise_2_none.npz,models/55a603085d09a22c/BNCI2014_001/3/csp_lda/manifest.json,fad69d2e07a89fc7dc4656756bfdaa93a1f131145adc0203c77d27c2335fdbfc,0.5,0.5,0.5817901234567902,0.6666666666666666,0.4990194948039062,0.0107085,0.010765799999999999,0.011004199999999999,92886.73391666204,1,10,100,"[3, 750]"
BNCI2014_001,3,csp_lda,noise_2,unlabeled_rms,144,144,0.008208249986637384,0.008627909722222223,BNCI2014_001_3_csp_lda_noise_2_unlabeled_rms.npz,models/55a603085d09a22c/BNCI2014_001/3/csp_lda/manifest.json,fad69d2e07a89fc7dc4656756bfdaa93a1f131145adc0203c77d27c2335fdbfc,0.5,0.5,0.5885416666666666,0.6666666666666666,0.4960114094440205,0.0107085,0.010765799999999999,0.011004199999999999,92886.73391666204,1,10,100,"[3, 750]"
BNCI2014_001,3,csp_lda,dropout_1,none,144,144,0.008208249986637384,4.856250000000001e-05,BNCI2014_001_3_csp_lda_dropout_1_none.npz,models/55a603085d09a22c/BNCI2014_001/3/csp_lda/manifest.json,fad69d2e07a89fc7dc4656756bfdaa93a1f131145adc0203c77d27c2335fdbfc,0.5625,0.5625,0.7679398148148148,0.2222222222222222,0.3879933729553705,0.0107085,0.010765799999999999,0.011004199999999999,92886.73391666204,1,10,100,"[3, 750]"
BNCI2014_001,3,csp_lda,dropout_1,unlabeled_rms,144,144,0.008208249986637384,0.008999145833333333,BNCI2014_001_3_csp_lda_dropout_1_unlabeled_rms.npz,models/55a603085d09a22c/BNCI2014_001/3/csp_lda/manifest.json,fad69d2e07a89fc7dc4656756bfdaa93a1f131145adc0203c77d27c2335fdbfc,0.5555555555555556,0.5555555555555556,0.765625,0.2,0.3885606746850325,0.0107085,0.010765799999999999,0.011004199999999999,92886.73391666204,1,10,100,"[3, 750]"
BNCI2014_001,3,csp_lda,dropout_2,none,144,144,0.008208249986637384,3.846527777777778e-05,BNCI2014_001_3_csp_lda_dropout_2_none.npz,models/55a603085d09a22c/BNCI2014_001/3/csp_lda/manifest.json,fad69d2e07a89fc7dc4656756bfdaa93a1f131145adc0203c77d27c2335fdbfc,0.5,0.5,0.5864197530864198,0.6666666666666666,0.4947795699586768,0.0107085,0.010765799999999999,0.011004199999999999,92886.73391666204,1,10,100,"[3, 750]"
BNCI2014_001,3,csp_lda,dropout_2,unlabeled_rms,144,144,0.008208249986637384,0.009239548611111112,BNCI2014_001_3_csp_lda_dropout_2_unlabeled_rms.npz,models/55a603085d09a22c/BNCI2014_001/3/csp_lda/manifest.json,fad69d2e07a89fc7dc4656756bfdaa93a1f131145adc0203c77d27c2335fdbfc,0.5,0.5,0.5949074074074073,0.6666666666666666,0.4954432824626189,0.0107085,0.010765799999999999,0.011004199999999999,92886.73391666204,1,10,100,"[3, 750]"
BNCI2014_001,3,csp_lda,amplitude_2,none,144,144,0.008208249986637384,4.1069444444444446e-05,BNCI2014_001_3_csp_lda_amplitude_2_none.npz,models/55a603085d09a22c/BNCI2014_001/3/csp_lda/manifest.json,fad69d2e07a89fc7dc4656756bfdaa93a1f131145adc0203c77d27c2335fdbfc,0.7986111111111112,0.7986111111111112,0.980516975308642,0.8304093567251462,0.14523175159881196,0.0107085,0.010765799999999999,0.011004199999999999,92886.73391666204,1,10,100,"[3, 750]"
BNCI2014_001,3,csp_lda,amplitude_2,unlabeled_rms,144,144,0.008208249986637384,0.00872423611111111,BNCI2014_001_3_csp_lda_amplitude_2_unlabeled_rms.npz,models/55a603085d09a22c/BNCI2014_001/3/csp_lda/manifest.json,fad69d2e07a89fc7dc4656756bfdaa93a1f131145adc0203c77d27c2335fdbfc,0.9027777777777778,0.9027777777777778,0.9830246913580247,0.9090909090909091,0.07001863376636758,0.0107085,0.010765799999999999,0.011004199999999999,92886.73391666204,1,10,100,"[3, 750]"
BNCI2014_001,3,csp_lda,drift_2,none,144,144,0.008208249986637384,4.6312499999999994e-05,BNCI2014_001_3_csp_lda_drift_2_none.npz,models/55a603085d09a22c/BNCI2014_001/3/csp_lda/manifest.json,fad69d2e07a89fc7dc4656756bfdaa93a1f131145adc0203c77d27c2335fdbfc,0.875,0.875,0.980516975308642,0.8860759493670886,0.08470360032923138,0.0107085,0.010765799999999999,0.011004199999999999,92886.73391666204,1,10,100,"[3, 750]"
BNCI2014_001,3,csp_lda,drift_2,unlabeled_rms,144,144,0.008208249986637384,0.008965333333333334,BNCI2014_001_3_csp_lda_drift_2_unlabeled_rms.npz,models/55a603085d09a22c/BNCI2014_001/3/csp_lda/manifest.json,fad69d2e07a89fc7dc4656756bfdaa93a1f131145adc0203c77d27c2335fdbfc,0.9027777777777778,0.9027777777777778,0.9830246913580247,0.9090909090909091,0.07001984429226904,0.0107085,0.010765799999999999,0.011004199999999999,92886.73391666204,1,10,100,"[3, 750]"
BNCI2014_001,3,csp_lda,mixed,none,144,144,0.008208249986637384,3.7631944444444444e-05,BNCI2014_001_3_csp_lda_mixed_none.npz,models/55a603085d09a22c/BNCI2014_001/3/csp_lda/manifest.json,fad69d2e07a89fc7dc4656756bfdaa93a1f131145adc0203c77d27c2335fdbfc,0.5,0.5,0.7272376543209877,0.6666666666666666,0.49786093281317545,0.0107085,0.010765799999999999,0.011004199999999999,92886.73391666204,1,10,100,"[3, 750]"
BNCI2014_001,3,csp_lda,mixed,unlabeled_rms,144,144,0.008208249986637384,0.008971319444444445,BNCI2014_001_3_csp_lda_mixed_unlabeled_rms.npz,models/55a603085d09a22c/BNCI2014_001/3/csp_lda/manifest.json,fad69d2e07a89fc7dc4656756bfdaa93a1f131145adc0203c77d27c2335fdbfc,0.5,0.5,0.7409336419753086,0.6666666666666666,0.48383966828733427,0.0107085,0.010765799999999999,0.011004199999999999,92886.73391666204,1,10,100,"[3, 750]"
BNCI2014_001,3,eegnet,clean,none,144,144,2.93459795799572,5.5256944444444445e-05,BNCI2014_001_3_eegnet_clean_none.npz,models/55a603085d09a22c/BNCI2014_001/3/eegnet/manifest.json,eb72e57a8d5242ce3e25f55759e4ec8bceb93ee925c60375ac7c5e4df7fedbb7,0.5,0.5,0.697145061728395,0.0,0.24850612878799438,0.179125,0.18016873999999994,0.18819584999999997,5550.352408525477,1,10,100,"[3, 750]"
BNCI2014_001,3,eegnet,noise_0.5,none,144,144,2.93459795799572,5.089583333333333e-05,BNCI2014_001_3_eegnet_noise_0.5_none.npz,models/55a603085d09a22c/BNCI2014_001/3/eegnet/manifest.json,eb72e57a8d5242ce3e25f55759e4ec8bceb93ee925c60375ac7c5e4df7fedbb7,0.5,0.5,0.6882716049382716,0.0,0.24843531847000122,0.179125,0.18016873999999994,0.18819584999999997,5550.352408525477,1,10,100,"[3, 750]"
BNCI2014_001,3,eegnet,noise_0.5,unlabeled_rms,144,144,2.93459795799572,0.011300888888888888,BNCI2014_001_3_eegnet_noise_0.5_unlabeled_rms.npz,models/55a603085d09a22c/BNCI2014_001/3/eegnet/manifest.json,eb72e57a8d5242ce3e25f55759e4ec8bceb93ee925c60375ac7c5e4df7fedbb7,0.5,0.5,0.6900077160493827,0.0,0.24856625497341156,0.179125,0.18016873999999994,0.18819584999999997,5550.352408525477,1,10,100,"[3, 750]"
BNCI2014_001,3,eegnet,noise_1,none,144,144,2.93459795799572,4.92013888888889e-05,BNCI2014_001_3_eegnet_noise_1_none.npz,models/55a603085d09a22c/BNCI2014_001/3/eegnet/manifest.json,eb72e57a8d5242ce3e25f55759e4ec8bceb93ee925c60375ac7c5e4df7fedbb7,0.5,0.5,0.6793981481481481,0.0,0.24844425916671753,0.179125,0.18016873999999994,0.18819584999999997,5550.352408525477,1,10,100,"[3, 750]"
BNCI2014_001,3,eegnet,noise_1,unlabeled_rms,144,144,2.93459795799572,0.013291604166666665,BNCI2014_001_3_eegnet_noise_1_unlabeled_rms.npz,models/55a603085d09a22c/BNCI2014_001/3/eegnet/manifest.json,eb72e57a8d5242ce3e25f55759e4ec8bceb93ee925c60375ac7c5e4df7fedbb7,0.5,0.5,0.666087962962963,0.0,0.24913698434829712,0.179125,0.18016873999999994,0.18819584999999997,5550.352408525477,1,10,100,"[3, 750]"
BNCI2014_001,3,eegnet,noise_2,none,144,144,2.93459795799572,5.4722222222222234e-05,BNCI2014_001_3_eegnet_noise_2_none.npz,models/55a603085d09a22c/BNCI2014_001/3/eegnet/manifest.json,eb72e57a8d5242ce3e25f55759e4ec8bceb93ee925c60375ac7c5e4df7fedbb7,0.5,0.5,0.6400462962962964,0.0,0.2483859658241272,0.179125,0.18016873999999994,0.18819584999999997,5550.352408525477,1,10,100,"[3, 750]"
BNCI2014_001,3,eegnet,noise_2,unlabeled_rms,144,144,2.93459795799572,0.011123256944444444,BNCI2014_001_3_eegnet_noise_2_unlabeled_rms.npz,models/55a603085d09a22c/BNCI2014_001/3/eegnet/manifest.json,eb72e57a8d5242ce3e25f55759e4ec8bceb93ee925c60375ac7c5e4df7fedbb7,0.5,0.5,0.6242283950617284,0.0,0.24988597631454468,0.179125,0.18016873999999994,0.18819584999999997,5550.352408525477,1,10,100,"[3, 750]"
BNCI2014_001,3,eegnet,dropout_1,none,144,144,2.93459795799572,5.065277777777778e-05,BNCI2014_001_3_eegnet_dropout_1_none.npz,models/55a603085d09a22c/BNCI2014_001/3/eegnet/manifest.json,eb72e57a8d5242ce3e25f55759e4ec8bceb93ee925c60375ac7c5e4df7fedbb7,0.5138888888888888,0.5138888888888888,0.6730324074074074,0.05405405405405406,0.24806785583496094,0.179125,0.18016873999999994,0.18819584999999997,5550.352408525477,1,10,100,"[3, 750]"
BNCI2014_001,3,eegnet,dropout_1,unlabeled_rms,144,144,2.93459795799572,0.01118928472222222,BNCI2014_001_3_eegnet_dropout_1_unlabeled_rms.npz,models/55a603085d09a22c/BNCI2014_001/3/eegnet/manifest.json,eb72e57a8d5242ce3e25f55759e4ec8bceb93ee925c60375ac7c5e4df7fedbb7,0.5138888888888888,0.5138888888888888,0.6849922839506172,0.05405405405405406,0.2476988583803177,0.179125,0.18016873999999994,0.18819584999999997,5550.352408525477,1,10,100,"[3, 750]"
BNCI2014_001,3,eegnet,dropout_2,none,144,144,2.93459795799572,5.148611111111112e-05,BNCI2014_001_3_eegnet_dropout_2_none.npz,models/55a603085d09a22c/BNCI2014_001/3/eegnet/manifest.json,eb72e57a8d5242ce3e25f55759e4ec8bceb93ee925c60375ac7c5e4df7fedbb7,0.5,0.5,0.4591049382716049,0.0,0.25113195180892944,0.179125,0.18016873999999994,0.18819584999999997,5550.352408525477,1,10,100,"[3, 750]"
BNCI2014_001,3,eegnet,dropout_2,unlabeled_rms,144,144,2.93459795799572,0.011303479166666665,BNCI2014_001_3_eegnet_dropout_2_unlabeled_rms.npz,models/55a603085d09a22c/BNCI2014_001/3/eegnet/manifest.json,eb72e57a8d5242ce3e25f55759e4ec8bceb93ee925c60375ac7c5e4df7fedbb7,0.5,0.5,0.4697145061728395,0.0,0.25108087062835693,0.179125,0.18016873999999994,0.18819584999999997,5550.352408525477,1,10,100,"[3, 750]"
BNCI2014_001,3,eegnet,amplitude_2,none,144,144,2.93459795799572,5.1423611111111116e-05,BNCI2014_001_3_eegnet_amplitude_2_none.npz,models/55a603085d09a22c/BNCI2014_001/3/eegnet/manifest.json,eb72e57a8d5242ce3e25f55759e4ec8bceb93ee925c60375ac7c5e4df7fedbb7,0.5138888888888888,0.5138888888888888,0.7733410493827161,0.05405405405405406,0.24382635951042175,0.179125,0.18016873999999994,0.18819584999999997,5550.352408525477,1,10,100,"[3, 750]"
BNCI2014_001,3,eegnet,amplitude_2,unlabeled_rms,144,144,2.93459795799572,0.011540548611111109,BNCI2014_001_3_eegnet_amplitude_2_unlabeled_rms.npz,models/55a603085d09a22c/BNCI2014_001/3/eegnet/manifest.json,eb72e57a8d5242ce3e25f55759e4ec8bceb93ee925c60375ac7c5e4df7fedbb7,0.5,0.5,0.7035108024691358,0.0,0.24832667410373688,0.179125,0.18016873999999994,0.18819584999999997,5550.352408525477,1,10,100,"[3, 750]"
BNCI2014_001,3,eegnet,drift_2,none,144,144,2.93459795799572,5.181944444444444e-05,BNCI2014_001_3_eegnet_drift_2_none.npz,models/55a603085d09a22c/BNCI2014_001/3/eegnet/manifest.json,eb72e57a8d5242ce3e25f55759e4ec8bceb93ee925c60375ac7c5e4df7fedbb7,0.5,0.5,0.697145061728395,0.0,0.2485060691833496,0.179125,0.18016873999999994,0.18819584999999997,5550.352408525477,1,10,100,"[3, 750]"
BNCI2014_001,3,eegnet,drift_2,unlabeled_rms,144,144,2.93459795799572,0.011403902777777775,BNCI2014_001_3_eegnet_drift_2_unlabeled_rms.npz,models/55a603085d09a22c/BNCI2014_001/3/eegnet/manifest.json,eb72e57a8d5242ce3e25f55759e4ec8bceb93ee925c60375ac7c5e4df7fedbb7,0.5,0.5,0.7035108024691358,0.0,0.24832667410373688,0.179125,0.18016873999999994,0.18819584999999997,5550.352408525477,1,10,100,"[3, 750]"
BNCI2014_001,3,eegnet,mixed,none,144,144,2.93459795799572,5.379166666666666e-05,BNCI2014_001_3_eegnet_mixed_none.npz,models/55a603085d09a22c/BNCI2014_001/3/eegnet/manifest.json,eb72e57a8d5242ce3e25f55759e4ec8bceb93ee925c60375ac7c5e4df7fedbb7,0.5069444444444444,0.5069444444444444,0.7204861111111112,0.0273972602739726,0.24438722431659698,0.179125,0.18016873999999994,0.18819584999999997,5550.352408525477,1,10,100,"[3, 750]"
BNCI2014_001,3,eegnet,mixed,unlabeled_rms,144,144,2.93459795799572,0.011184673611111109,BNCI2014_001_3_eegnet_mixed_unlabeled_rms.npz,models/55a603085d09a22c/BNCI2014_001/3/eegnet/manifest.json,eb72e57a8d5242ce3e25f55759e4ec8bceb93ee925c60375ac7c5e4df7fedbb7,0.5,0.5,0.666087962962963,0.0,0.24913698434829712,0.179125,0.18016873999999994,0.18819584999999997,5550.352408525477,1,10,100,"[3, 750]"
